Callsign,Station Name,State,City,Postcode,Region / Pitch Category,Contact Email,Website URL,Format & Fit,Recommended Action / Pitch Notes
2RDJ,2RDJ FM,NSW,BURWOOD NORTH,2134,Sydney Local,info@radio2rdj.com,http://www.radio2rdj.com,General,Pitch directly to Music Department (info@radio2rdj.com) — Pitch directly to Programming & Music (info@radio2rdj.com) — Inner West Sydney local station.
2SER,2SER,NSW,BROADWAY,2007,Sydney Local,music@2ser.com,http://www.2ser.com,Educational,Pitch directly to Music Department (music@2ser.com) — Pitch directly to Music Department (music@2ser.com) — UTS / Macquarie station. Huge supporter of Sydney indie and Australian underground. Already played earlier Love Banana material.
2SSR,2SSR 99.7 FM,NSW,SUTHERLAND,1499,Sydney Local,music@2ssr.com.au,https://www.2ssr.com.au,General,Pitch directly to Music Department (music@2ssr.com.au) — Pitch directly to Music Director (music@2ssr.com.au) — The Shire / Sutherland Shire community radio station. Regular Australian music focus.
2GLF,89.3 2GLF,NSW,LIVERPOOL,2170,Sydney Local,music@893fm.com.au,http://www.893fm.com.au,General,Pitch directly to Music Department (music@893fm.com.au) — Pitch directly to Music Department (music@893fm.com.au) — South-West Sydney community broadcaster. Welcomes music from independent Sydney artists.
2RES,89.7 Eastside Radio,NSW,PADDINGTON,2021,Sydney Local,music@eastsidefm.org,http://www.eastsidefm.org,General,Pitch directly to Music Department (music@eastsidefm.org) — Pitch directly to Music Coordinator (music@eastsidefm.org) — Eastern suburbs Sydney station. Plays eclectic local sounds and supports independent Sydney songwriters.
Connect FM 100.9,Connect FM 100.9,NSW,PADSTOW,2211,Sydney Local,info@connectfm.au,https://www.connectfm.au/,General,Pitch directly to Music Department (info@connectfm.au) — Pitch directly to Station Management (info@connectfm.au) — Canterbury-Bankstown community broadcaster.
2LND,Koori Radio,NSW,STRAWBERRY HILLS,2012,Sydney Local,music@kooriradio.com,http://www.kooriradio.com/,Indigenous,Pitch directly to Music Department (music@kooriradio.com) — Pitch directly to Music Department (music@kooriradio.com) — Sydney's only First Nations broadcaster based in Redfern. Plays diverse local Australian artists.
2NSB,Northside Radio,NSW,CHATSWOOD,2067,Sydney Local,music@northsideradio.com.au,http://northsideradio.com.au/,General,Pitch directly to Music Department (music@northsideradio.com.au) — Pitch directly to Music Coordinator (music@northsideradio.com.au) — Northern suburbs Sydney station covering Chatswood to the Hawkesbury.
2MWM,Radio Northern Beaches,NSW,BELROSE WEST,2085,Sydney Local,music@rnb.org.au,http://www.rnb.org.au,General,Pitch directly to Music Department (music@rnb.org.au) — Pitch directly to Music Submissions Team (music@rnb.org.au) — Northern Beaches Sydney station. Surf/garage rock sound is a natural match for local presenters.
2RSR,Radio Skid Row,NSW,MARRICKVILLE,2204,Sydney Local,stationmanager@skidrow.com.au,https://radioskidrow.org,General,Pitch directly to Music Department (stationmanager@skidrow.com.au) — Pitch directly to Station & Programming Coordinator (stationmanager@skidrow.com.au) — Inner-West Sydney community powerhouse based in Marrickville. Deep connection to DIY and local grassroots indie music.
Online Only,SURG FM,NSW,SYDNEY,2006,Sydney Local,music@surgfm.com,http://www.surgfm.com/,Student / Youth,Pitch directly to Music Department (music@surgfm.com) — Pitch directly to Music Director (music@surgfm.com) — Sydney University student broadcaster. Huge listener base among young indie/garage fans in Sydney.
2SWR,SWR 999 FM,NSW,DOONSIDE,2767,Sydney Local,music@swr999.com.au,https://www.swr999.com.au/,General,Pitch directly to Music Department (music@swr999.com.au) — Pitch directly to Music Director (music@swr999.com.au) — Western Sydney community radio with dedicated Aussie music programs.
2HHH,Triple H 100.1 FM,NSW,Hornsby,2077,Sydney Local,music@triplehfm.com.au,http://www.triplehfm.com.au,General,Pitch directly to Music Department (music@triplehfm.com.au) — Pitch directly to Music Team (music@triplehfm.com.au) — Community station in Northern Sydney. Has several specialist alternative and Aussie rock shows.
2FBI,fbi.radio,NSW,ALEXANDRIA,2016,Sydney Local,music@fbiradio.com,http://fbi.radio,Youth,"Pitch directly to Music Department (music@fbiradio.com) — Pitch directly to Music Director / Music Team (music@fbiradio.com) — Primary Sydney indie/youth champion. Loves local Sydney bands. Mention Sydney gigs (Ty Segall, Babe Rainbow) and Mikey Young mastering."
5TCB,Connect FM,SA,BORDERTOWN,5268,Regional Community (SA),info@connectfm.com.au,http://www.connectfm.com.au,General,Pitch via Email or Amrap (Local volunteer DJs play Aussie indie) — Format: General. Community broadcaster for BORDERTOWN SA.
Online Only,UCFM,ACT,BRUCE,2617,Australia National (High Priority),info@ucfm.com.au,http://www.ucfm.com.au/,Student / Youth,Pitch directly to Music Department (info@ucfm.com.au) — Pitch directly to Music Submissions (info@ucfm.com.au) — University of Canberra student radio station.
1VFM,Valley FM 89.5,ACT,ERINDALE CENTRE,2903,Australia National (High Priority),valleyfm@valleyfm.com,http://www.valleyfm.com/,General,Pitch directly to Music Department (valleyfm@valleyfm.com) — Pitch directly to Music Coordinator (valleyfm@valleyfm.com) — Tuggeranong Canberra community station.
2CHY,104.1 CHY FM,NSW,COFFS HARBOUR,2450,Australia National (High Priority),info@chyfm.org.au,https://www.chyfm.org.au,Youth,Pitch directly to Music Department (info@chyfm.org.au) — Pitch directly to Station Manager / Music Team (info@chyfm.org.au) — Dedicated youth community radio station in Coffs Harbour. Perfect demographic for Love Banana.
2AAA,2AAA,NSW,WAGGA WAGGA,2650,Australia National (High Priority),triplea@tripleafm.net.au,https://tripleafm.net.au/,General,Pitch directly to Music Department (triplea@tripleafm.net.au) — Pitch directly to Music Coordinator (triplea@tripleafm.net.au) — Riverina community radio.
2BBB,2BBB FM,NSW,BELLINGEN,2454,Australia National (High Priority),music@2bbb.net.au,http://www.2bbb.net.au/,General,Pitch directly to Music Department (music@2bbb.net.au) — Pitch directly to Music Director (music@2bbb.net.au) — Bellingen Mid North Coast community radio. Very receptive to indie bands touring the east coast.
2BOB,2BOB RADIO,NSW,TAREE,2430,Australia National (High Priority),info@2bobradio.org.au,http://www.2bobradio.org.au,General,Pitch directly to Music Department (info@2bobradio.org.au) — Pitch directly to Music Team (info@2bobradio.org.au) — One of NSW's oldest community radio stations. Proudly independent.
2DRY,2DRY FM,NSW,BROKEN HILL,2880,Australia National (High Priority),info@2dryfm.com,http://www.2dryfm.com/,General,Pitch directly to Music Department (info@2dryfm.com) — Pitch directly to Music Coordinator / Program Director (info@2dryfm.com) — Far West NSW community station with an adventurous alternative music policy.
2EAR,2EAR FM 107.5 & 102.9,NSW,MORUYA,2537,Australia National (High Priority),info@2earfm.au,https://2earfm.au/,General,Pitch directly to Music Department (info@2earfm.au) — Pitch directly to Music Coordinator (info@2earfm.au) — Eurobodalla South Coast community station.
2MCE,2MCE,NSW,BATHURST,2795,Australia National (High Priority),2mce@csu.edu.au,https://2mce.org/,General,Pitch directly to Music Department (2mce@csu.edu.au) — Pitch directly to Music Director / Station Team (2mce@csu.edu.au) — Charles Sturt University station broadcasting to Central West NSW. Great indie programming.
2NUR,2NURFM 103.7,NSW,CALLAGHAN,2308,Australia National (High Priority),music@2nurfm.com.au,http://www.2nurfm.com.au,General,Pitch directly to Music Department (music@2nurfm.com.au) — Pitch directly to Music Coordinator (music@2nurfm.com.au) — University of Newcastle community station. Big reach across Newcastle and the Hunter.
2WAY,2WAY 103.9 FM,NSW,WAUCHOPE,2446,Australia National (High Priority),contact@2wayfm.com.au,http://2wayfm.com.au,General,Pitch directly to Music Department (contact@2wayfm.com.au) — Pitch directly to Music Submissions (contact@2wayfm.com.au) — Hastings / Port Macquarie community radio.
2YOU,88.9FM,NSW,North Tamworth,2340,Australia National (High Priority),admin@889fmtamworth.com.au,http://www.889fmtamworth.com.au,General,Pitch directly to Music Department (admin@889fmtamworth.com.au) — Pitch directly to Music Submissions (admin@889fmtamworth.com.au) — Tamworth community broadcaster.
2SFM,97.5 Sapphire FM,NSW,MERIMBULA,2548,Australia National (High Priority),info@sapphirefm.au,https://sapphirefm.au/,General,Pitch directly to Music Department (info@sapphirefm.au) — Pitch directly to Music Director (info@sapphirefm.au) — Far South Coast NSW community radio.
2ARM,Armidale Community Radio - 2ARM FM92.1,NSW,ARMIDALE,2350,Australia National (High Priority),admin@2arm.net.au,http://www.2arm.net.au,General,Pitch directly to Music Department (admin@2arm.net.au) — Pitch directly to Station Management (admin@2arm.net.au) — New England community broadcaster.
2CCC,Coast FM 96.3,NSW,GOSFORD,2250,Australia National (High Priority),music@coastfm.org.au,http://www.coastfm.org.au,General,Pitch directly to Music Department (music@coastfm.org.au) — Pitch directly to Music Department (music@coastfm.org.au) — Central Coast community broadcaster. Supports touring NSW bands.
2GLA,Great Lakes FM,NSW,TUNCURRY,2428,Australia National (High Priority),manager@greatlakesfm.org.au,http://www.greatlakesfm.org.au,General,Pitch directly to Music Department (manager@greatlakesfm.org.au) — Pitch directly to Station Management (manager@greatlakesfm.org.au) — Mid North Coast regional broadcaster.
2WKT,Highland FM 107.1,NSW,BOWRAL,2576,Australia National (High Priority),music@highlandfm.org.au,http://www.highlandfm.org.au,General,Pitch directly to Music Department (music@highlandfm.org.au) — Pitch directly to Music Director (music@highlandfm.org.au) — Known for their 100% Homegrown Australian music showcases and artist interviews.
2NIM,NIM FM 102.3,NSW,NIMBIN,2480,Australia National (High Priority),nimfm.radio@gmail.com,http://www.nimfm.org,General,Pitch directly to Music Department (nimfm.radio@gmail.com) — Pitch directly to Music Team (nimfm.radio@gmail.com) — Nimbin community radio. Very open to fuzzy garage and psych-pop sounds.
2HWK,Pulse FM,NSW,Wollongong,2500,Australia National (High Priority),info@pulse899fm.com.au,https://pulse899fm.com.au/,General,Pitch directly to Music Department (info@pulse899fm.com.au) — Pitch directly to Music Submissions (info@pulse899fm.com.au) — Wollongong youth/contemporary station.
2QBN,QBN FM 96.7,NSW,QUEANBEYAN,2620,Australia National (High Priority),info@qbnfm.com.au,http://www.qbnfm.com.au,General,Pitch directly to Music Department (info@qbnfm.com.au) — Pitch directly to Music Submissions (info@qbnfm.com.au) — Queanbeyan and ACT region.
2BLU,RBM FM - 89.1 Radio Blue Mountains,NSW,WENTWORTH FALLS,2782,Australia National (High Priority),manager@rbm.org.au,http://www.rbm.org.au,General,Pitch directly to Music Department (manager@rbm.org.au) — Pitch directly to Station Coordinator (manager@rbm.org.au) — Blue Mountains regional station. Very supportive of NSW indie acts.
2NCR,River FM - 92.9,NSW,LISMORE,2480,Australia National (High Priority),info@2ncr.org.au,http://www.2ncr.org.au,General,Pitch directly to Music Department (info@2ncr.org.au) — Pitch directly to Station Team (info@2ncr.org.au) — Northern Rivers community radio station.
2WET,TANK FM,NSW,WEST KEMPSEY,2440,Australia National (High Priority),info@tankfm.org,https://tankfm.org/,General,Pitch directly to Music Department (info@tankfm.org) — Pitch directly to Music Team (info@tankfm.org) — Kempsey Macleay Valley community station.
2UUU,Triple U FM,NSW,NOWRA,2541,Australia National (High Priority),admin@tripleu.org.au,https://www.tripleu.org.au/,General,Pitch directly to Music Department (admin@tripleu.org.au) — Pitch directly to Station Administration (admin@tripleu.org.au) — Shoalhaven South Coast community radio.
Online Only,Tune FM,NSW,ARMIDALE,2351,Australia National (High Priority),music@tunefm.net,http://www.tunefm.net,Student / Youth,Pitch directly to Music Department (music@tunefm.net) — Pitch directly to Music Director (music@tunefm.net) — Australia's oldest university radio station (UNE). Passionate about new Aussie alternative music.
2VOX,VOX FM,NSW,WOLLONGONG DC,2500,Australia National (High Priority),voxfm@voxfm.org.au,http://www.voxfm.org.au,General,Pitch directly to Music Department (voxfm@voxfm.org.au) — Pitch directly to Music Submissions (voxfm@voxfm.org.au) — Illawarra community radio station. Active music programming.
2YAS,Yass FM,NSW,YASS,2582,Australia National (High Priority),info@yassfm.org,http://www.yassfm.org,General,Pitch directly to Music Department (info@yassfm.org) — Pitch directly to Music Coordinator (info@yassfm.org) — Southern Tablelands community broadcaster.
8CCC,8CCC Radio 102.1FM,NT,ALICE SPRINGS,0871,Australia National (High Priority),music@8ccc.com.au,http://www.8ccc.com.au/,General,"Pitch directly to Music Department (music@8ccc.com.au) — Pitch directly to Music Coordinator (music@8ccc.com.au) — Broadcasting across Central Australia. Hugely receptive to quirky, upbeat Australian independent rock and pop."
8EAR,Gove FM,NT,NHULUNBUY,0881,Australia National (High Priority),admin@govefm.com.au,http://www.govefm.com.au,General,Pitch directly to Music Department (admin@govefm.com.au) — Pitch directly to Station Management (admin@govefm.com.au) — Isolated Arnhem Land community radio with high engagement.
8TFM,Territory FM,NT,DARWIN,0909,Australia National (High Priority),music@territoryfm.com,http://www.territoryfm.com,General,Pitch directly to Music Department (music@territoryfm.com) — Pitch directly to Music Director (music@territoryfm.com) — Charles Darwin University community station. High profile across Darwin and Palmerston.
4OUR,101.5FM Moreton Bay's Own,QLD,CABOOLTURE,4510,Australia National (High Priority),music@1015fm.com.au,http://www.1015fm.com.au,General,Pitch directly to Music Department (music@1015fm.com.au) — Pitch directly to Music Coordinator (music@1015fm.com.au) — Caboolture and northern Moreton Bay.
4TTT,103.9 Triple t,QLD,TOWNSVILLE,4810,Australia National (High Priority),info@triplet.com.au,http://www.triplet.com.au,General,Pitch directly to Music Department (info@triplet.com.au) — Pitch directly to Station Management (info@triplet.com.au) — Townsville regional community radio.
4MET,105.7 Radio Metro,QLD,BUNDALL MAIL CENTRE,9726,Australia National (High Priority),music@radiometro.com.au,http://www.radiometro.com.au,Youth,Pitch directly to Music Department (music@radiometro.com.au) — Pitch directly to Music Director (music@radiometro.com.au) — Gold Coast youth station.
4CRM,4CRM 107.5 FM,QLD,MACKAY,4740,Australia National (High Priority),admin@4crm.com.au,http://www.4crm.com.au,General,Pitch directly to Music Department (admin@4crm.com.au) — Pitch directly to Music Team (admin@4crm.com.au) — Mackay regional broadcaster.
4ZZZ,4ZZZ,QLD,FORTITUDE VALLEY,4006,Australia National (High Priority),music@4zzz.org.au,http://www.4zzz.org.au,Educational/Specialised Music,Pitch directly to Music Department (music@4zzz.org.au) — Pitch directly to Music Coordinator (music@4zzz.org.au) — Legendary Brisbane alternative station. Has already spun Love Banana 7-inch. Perfect fit for 'Seagull'.
4RED,99.7 Bridge FM,QLD,REDCLIFFE,4020,Australia National (High Priority),music@997fm.com.au,http://www.997fm.com.au,General,Pitch directly to Music Department (music@997fm.com.au) — Pitch directly to Music Department (music@997fm.com.au) — Moreton Bay region station with good local music support.
4CCR,Cairns FM 89.1,QLD,MANUNDA,4870,Australia National (High Priority),music@cairnsfm891.org.au,http://www.cairnsfm891.org.au,General,Pitch directly to Music Department (music@cairnsfm891.org.au) — Pitch directly to Music Submissions (music@cairnsfm891.org.au) — Far North Queensland community broadcaster.
4FCR,Fraser Coast FM 107.5,QLD,HERVEY BAY,4655,Australia National (High Priority),music@frasercoast.fm,http://www.frasercoast.fm,General,Pitch directly to Music Department (music@frasercoast.fm) — Pitch directly to Music Coordinator (music@frasercoast.fm) — Fraser Coast / Hervey Bay community station.
4NSA,Noosa FM 101.3,QLD,NOOSA HEADS,4567,Australia National (High Priority),music@noosafm.org,http://www.noosafm.org/,General,Pitch directly to Music Department (music@noosafm.org) — Pitch directly to Music Director (music@noosafm.org) — Sunshine Coast community station. Sunny garage-pop vibes fit very well.
4BI,Switch Brisbane,QLD,Toowong,4066,Australia National (High Priority),music@switchbrisbane.com.au,https://switchbrisbane.com.au/,Youth,Pitch directly to Music Department (music@switchbrisbane.com.au) — Pitch directly to Music Director (music@switchbrisbane.com.au) — Brisbane's youth community station. Strong focus on emerging Aussie artists.
5CST,Adelaide's Coast FM 88.7,SA,GLANDORE,5037,Australia National (High Priority),info@coastfm.com.au,http://www.coastfm.com.au,General,Pitch directly to Music Department (info@coastfm.com.au) — Pitch directly to Music Department (info@coastfm.com.au) — Southern Adelaide community radio station.
5LCM,Lofty 88.9,SA,Totness,5250,Australia National (High Priority),music@lofty.org.au,http://lofty.org.au/,General,Pitch directly to Music Department (music@lofty.org.au) — Pitch directly to Music Submissions (music@lofty.org.au) — Adelaide Hills community radio. Loves independent Australian talent.
5PBA,PBA-FM,SA,SALISBURY,5108,Australia National (High Priority),pbafm@pbafm.org.au,http://www.pbafm.org.au/,General,Pitch directly to Music Department (pbafm@pbafm.org.au) — Pitch directly to Music Team (pbafm@pbafm.org.au) — Northern suburbs Adelaide community radio.
5UV,Radio Adelaide,SA,Eastwood,5063,Australia National (High Priority),music@radioadelaide.org.au,http://radioadelaide.org.au/,Educational,Pitch directly to Music Department (music@radioadelaide.org.au) — Pitch directly to Music Coordinator (music@radioadelaide.org.au) — Australia's first community station (est. 1972). Dedicated focus on indie and Australian music.
5DDD,Three D Radio,SA,STEPNEY,5069,Australia National (High Priority),music@threedradio.com,http://www.threedradio.com,Specialised Music,Pitch directly to Music Department (music@threedradio.com) — Pitch directly to Music Director / Submissions (music@threedradio.com) — One of Australia's purest independent alternative music stations. Minimum 40% Australian music policy. Admires Mikey Young.
,Tribe FM 91.1,SA,WILLUNGA,5172,Australia National (High Priority),music@tribefm.org.au,http://www.tribefm.org.au/,General,Pitch directly to Music Department (music@tribefm.org.au) — Pitch directly to Music Coordinator (music@tribefm.org.au) — Fleurieu Peninsula community station. Strong indie music enthusiast presenters.
5WOW,WOW FM 100.5,SA,SEMAPHORE,5019,Australia National (High Priority),admin@wowfm.org,https://wowfm.org/,General,Pitch directly to Music Department (admin@wowfm.org) — Pitch directly to Music Team (admin@wowfm.org) — Western suburbs / Port Adelaide community broadcaster.
7LTN,City Park Radio,TAS,LAUNCESTON,7250,Australia National (High Priority),cityparkradio@internode.on.net,http://www.cityparkradio.com,General,Pitch directly to Music Department (cityparkradio@internode.on.net) — Pitch directly to Music Submissions (cityparkradio@internode.on.net) — Northern Tasmania's primary community broadcaster.
7DBS,Coast FM,TAS,WYNYARD,7325,Australia National (High Priority),coastfm@coastfmtas.au,http://www.coastfmtas.au,General,Pitch directly to Music Department (coastfm@coastfmtas.au) — Pitch directly to Music Team (coastfm@coastfmtas.au) — North-West Tasmania community broadcaster.
7EDG,Edge Radio 99.3 FM,TAS,HOBART,7000,Australia National (High Priority),music@edgeradio.org.au,http://www.edgeradio.org.au,Youth,Pitch directly to Music Department (music@edgeradio.org.au) — Pitch directly to Music Director (music@edgeradio.org.au) — Hobart's youth and student broadcaster (Univ of Tasmania). Massive supporter of emerging Australian indie/garage sounds.
7THE,Hobart FM 96.1,TAS,Howrah,7018,Australia National (High Priority),hobartfm@hobartfm.org.au,http://www.hobartfm.org.au,General,Pitch directly to Music Department (hobartfm@hobartfm.org.au) — Pitch directly to Music Department (hobartfm@hobartfm.org.au) — Southern Tasmania community station.
3PFM,106.7 Phoenix FM Bendigo,VIC,CALIFORNIA GULLY,3556,Australia National (High Priority),info@phoenixfm.org.au,http://www.phoenixfm.org.au,General,Pitch directly to Music Department (info@phoenixfm.org.au) — Pitch directly to Music Team (info@phoenixfm.org.au) — Bendigo community radio.
3WAY,3 WAY FM Great Ocean Radio,VIC,WARRNAMBOOL,3280,Australia National (High Priority),info@3wayfm.org.au,http://www.3wayfm.org.au/,General,Pitch directly to Music Department (info@3wayfm.org.au) — Pitch directly to Music Submissions (info@3wayfm.org.au) — South West Victoria coastal community radio.
3BBR,3BBR-FM,VIC,DROUIN,3818,Australia National (High Priority),3bbrfm@3bbrfm.org.au,http://www.3bbrfm.org.au,General,Pitch directly to Music Department (3bbrfm@3bbrfm.org.au) — Pitch directly to Music Submissions (3bbrfm@3bbrfm.org.au) — West Gippsland community station.
3CR,3CR,VIC,COLLINGWOOD,3066,Australia National (High Priority),admin@3cr.org.au,http://www.3cr.org.au,Community Access,Pitch directly to Music Department (admin@3cr.org.au) — Pitch directly to Music & Programming (admin@3cr.org.au) — Long-running progressive community radio in Collingwood. Independent music shows.
3MDR,3MDR,VIC,UPWEY,3158,Australia National (High Priority),music@3mdr.com,http://www.3mdr.com,General,Pitch directly to Music Department (music@3mdr.com) — Pitch directly to Music Department (music@3mdr.com) — Mountain District Radio in the Dandenongs. Passionate community of music presenters championing Aussie releases.
3WBC,3WBC 94.1FM,VIC,Box Hill,3128,Australia National (High Priority),music@3wbc.org.au,http://www.3wbc.org.au,General,Pitch directly to Music Department (music@3wbc.org.au) — Pitch directly to Music Director (music@3wbc.org.au) — Inner Eastern Melbourne community station.
3SCB,88.3 Southern FM,VIC,BRIGHTON,3186,Australia National (High Priority),music@southernfm.com.au,http://www.southernfm.com.au/,General,Pitch directly to Music Department (music@southernfm.com.au) — Pitch directly to Music Director (music@southernfm.com.au) — Bayside Melbourne community station with dedicated local music programming.
3PLS,94.7 The Pulse,VIC,GEELONG,3220,Australia National (High Priority),music@947thepulse.com,http://www.947thepulse.com,General,Pitch directly to Music Department (music@947thepulse.com) — Pitch directly to Music Submissions (music@947thepulse.com) — Geelong community radio station. Active music programming for Greater Geelong and the Bellarine.
3SER,Casey Radio,VIC,CRANBOURNE,3977,Australia National (High Priority),music@caseyradio.com.au,http://www.caseyradio.com.au,General,Pitch directly to Music Department (music@caseyradio.com.au) — Pitch directly to Music Director (music@caseyradio.com.au) — South-East Melbourne community broadcaster.
3GCR,Gippsland FM,VIC,Morwell,3840,Australia National (High Priority),info@gippslandfm.org.au,http://www.gippslandfm.org.au,General,Pitch directly to Music Department (info@gippslandfm.org.au) — Pitch directly to Music Submissions (info@gippslandfm.org.au) — Serving Central and East Gippsland.
3CH,Highlands FM,VIC,WOODEND,3442,Australia National (High Priority),info@highlandsfm.org.au,http://www.highlandsfm.org.au,General,Pitch directly to Music Department (info@highlandsfm.org.au) — Pitch directly to Music Coordinator (info@highlandsfm.org.au) — Macedon Ranges community radio.
3JOY,JOY Media,VIC,St Kilda,3182,Australia National (High Priority),music@joy.org.au,http://www.joy.org.au,LGBTIQA+,"Pitch directly to Music Department (music@joy.org.au) — Pitch directly to Music Director (music@joy.org.au) — Australia's premier LGBTIQA+ broadcaster. Plays vibrant pop, indie-pop, and upbeat indie singles."
3CMR,MAINfm,VIC,CASTLEMAINE,3450,Australia National (High Priority),music@mainfm.net,http://mainfm.net/,General,Pitch directly to Music Department (music@mainfm.net) — Pitch directly to Music Coordinator (music@mainfm.net) — Castlemaine has one of the highest concentrations of indie musicians in regional Australia. MAINfm is revered by touring bands.
3OCR,OCR FM,VIC,COLAC,3250,Australia National (High Priority),admin@ocrfm.org.au,http://www.ocrfm.org.au/,General,Pitch directly to Music Department (admin@ocrfm.org.au) — Pitch directly to Music Department (admin@ocrfm.org.au) — Otway region community broadcaster.
3ONE,OneFM 98.5,VIC,SHEPPARTON,3632,Australia National (High Priority),admin@fm985.com.au,http://www.fm985.com.au/,General,Pitch directly to Music Department (admin@fm985.com.au) — Pitch directly to Music Submissions (admin@fm985.com.au) — Goulburn Valley community radio.
3PBS,PBS,VIC,FITZROY,3065,Australia National (High Priority),music@pbsfm.org.au,http://www.pbsfm.org.au,Specialised Music,Pitch directly to Music Department (music@pbsfm.org.au) — Pitch directly to Music Director (music@pbsfm.org.au) — Collingwood-based music powerhouse. Specialist programming has massive love for scuzzy rock & roll and garage pop.
3MFM,South Coast FM,VIC,WONTHAGGI,3995,Australia National (High Priority),info@southcoastfm.au,https://southcoastfm.au/,General,Pitch directly to Music Department (info@southcoastfm.au) — Pitch directly to Station Management (info@southcoastfm.au) — Bass Coast and South Gippsland.
3RRR,Triple R (3RRR),VIC,BRUNSWICK EAST,3057,Australia National (High Priority),music@rrr.org.au,http://www.rrr.org.au/,Educational,Pitch directly to Music Department (music@rrr.org.au) — Pitch directly to Music Coordinator (music@rrr.org.au) — The undisputed heavyweight of Australian independent music radio. Reaches over 1 million listeners. Mastered by Mikey Young is an instant selling point here.
3BBB,Voice FM,VIC,BALLARAT EAST,3350,Australia National (High Priority),music@voicefm.org.au,https://www.voicefm.org.au,General,Pitch directly to Music Department (music@voicefm.org.au) — Pitch directly to Music Team (music@voicefm.org.au) — Ballarat regional community broadcaster.
3VYV,Yarra Valley FM 99.1,VIC,HEALESVILLE,3777,Australia National (High Priority),music@yarravalleyfm.com,http://www.yarravalleyfm.com,General,Pitch directly to Music Department (music@yarravalleyfm.com) — Pitch directly to Music Director (music@yarravalleyfm.com) — Yarra Valley community broadcaster.
6HFM,107.3 HFM,WA,GOSNELLS,6990,Australia National (High Priority),music@hfm.radio,https://www.hfm.radio/,General,Pitch directly to Music Department (music@hfm.radio) — Pitch directly to Music Submissions (music@hfm.radio) — South-East Perth community radio.
6TCR,89 7FM,WA,JOONDALUP,6027,Australia National (High Priority),music@897fm.com.au,http://www.897fm.com.au/,General,Pitch directly to Music Department (music@897fm.com.au) — Pitch directly to Music Coordinator (music@897fm.com.au) — Perth northern suburbs community radio. High quota of Australian and independent tracks.
,Denmark FM,WA,Denmark,6333,Australia National (High Priority),info@denmarkfm.com.au,https://denmarkfm.com.au/,General,Pitch directly to Music Department (info@denmarkfm.com.au) — Pitch directly to Music Coordinator (info@denmarkfm.com.au) — Vibrant Great Southern coastal WA community radio.
6KCR,KCR 88.9FM,WA,GOOSEBERRY HILL,6076,Australia National (High Priority),music@kcr-fm.org.au,http://www.kcr-fm.org.au/,General,Pitch directly to Music Department (music@kcr-fm.org.au) — Pitch directly to Music Coordinator (music@kcr-fm.org.au) — Perth Hills community station.
6RMR,RMR 101.9,WA,Margaret River,6285,Australia National (High Priority),info@radiomargaretriver.com,https://www.radiomargaretriver.com/,General,Pitch directly to Music Department (info@radiomargaretriver.com) — Pitch directly to Music Director (info@radiomargaretriver.com) — Margaret River cultural hub. Loves beachy garage-pop and indie rock.
6RTR,RTR FM,WA,MOUNT LAWLEY,6929,Australia National (High Priority),music@rtrfm.com.au,http://www.rtrfm.com.au,Educational/Specialised Music,Pitch directly to Music Department (music@rtrfm.com.au) — Pitch directly to Music Director (music@rtrfm.com.au) — Western Australia's premier independent tastemaker. Critical airplay target for national indie credibility. Mikey Young master is huge here.
6CCR,Radio Fremantle,WA,HAMILTON HILL,6163,Australia National (High Priority),music@radiofremantle.com.au,https://www.radiofremantle.com.au/,General,Pitch directly to Music Department (music@radiofremantle.com.au) — Pitch directly to Music Department (music@radiofremantle.com.au) — Fremantle port city community station with deep roots in WA's legendary indie scene.
1XXR,2 Double X (2XX FM),ACT,CIVIC,2601,Australia National (High Priority),manager@2xxfm.org.au,https://www.2xxfm.org.au/get-involved/submit-music/,General,"Submit via form at: https://www.2xxfm.org.au/get-involved/submit-music/ — Accepts downloadable WAV, FLAC, or 320kbps MP3 via links (Dropbox/Drive). Requires short bio, genre, social links, and track details."
2RRR,2RRR - Your Local Sound,NSW,GLADESVILLE,1675,Australia National (High Priority),office@2rrr.org.au,https://www.dropbox.com/request/cUVsKyoL1kKsDznnW9d2,General,"Submit via form at: https://www.dropbox.com/request/cUVsKyoL1kKsDznnW9d2 — Upload MP3 only (Dropbox space is limited; WAVs are deleted). Format filename as: ""Love Banana - Seagull [A] (Garage Pop) (.mp3)""."
2BAY,BAYFM 99.9,NSW,BYRON BAY,2481,Australia National (High Priority),frontdesk@bayfm.org,https://www.bayfm.org/contact-us/,General,"Submit via form at: https://www.bayfm.org/contact-us/ — In the contact form, select ""Music"" in the Subject dropdown, specify your genre, and paste your EPK/streaming and download links in the message."
5FBI,Fresh 92.7,SA,ADELAIDE,5000,Australia National (High Priority),music@fresh927.com.au,https://fresh927.com.au/music/submit-music/,Youth,"Submit via form at: https://fresh927.com.au/music/submit-music/ — Upload track metadata, streaming link, download link, and bio via the online portal."
3SYN,SYN Media,VIC,ABECKETT STREET,8006,Australia National (High Priority),music@syn.org.au,https://syn.org.au/music-submissions/,Youth,"Submit via form at: https://syn.org.au/music-submissions/ — Enter track name, artist, streaming link, download link (WAV/MP3), and bio. Programs their weekly Sweet 16 and high rotation playlists."
2MMR,101.3 Mayhem Radio,NSW,TWEED HEADS WEST,2485,Regional Community (NSW),info@mayhemradio.com.au,https://mayhemradio.com.au/,General,Pitch directly to Music Department (info@mayhemradio.com.au) — Pitch via Email or Amrap (Local volunteer DJs play Aussie indie) — Format: General. Community broadcaster for TWEED HEADS WEST NSW.
2AIR,2AIR FM,NSW,COFFS HARBOUR,2450,Regional Community (NSW),info@2airfm.com.au,http://www.2airfm.com.au,General,Pitch directly to Music Department (info@2airfm.com.au) — Pitch via Email or Amrap (Local volunteer DJs play Aussie indie) — Format: General. Community broadcaster for COFFS HARBOUR NSW.
2CBD,2CBD FM,NSW,GLEN INNES,2370,Regional Community (NSW),info@radio2cbd.com.au,http://www.radio2cbd.com.au/,General,Pitch directly to Music Department (info@radio2cbd.com.au) — Pitch via Email or Amrap (Local volunteer DJs play Aussie indie) — Format: General. Community broadcaster for GLEN INNES NSW.
2CHR,2CHR,NSW,CESSNOCK,2325,Regional Community (NSW),info@2chr.org,http://www.2chr.org,General,Pitch directly to Music Department (info@2chr.org) — Pitch via Email or Amrap (Local volunteer DJs play Aussie indie) — Format: General. Community broadcaster for CESSNOCK NSW.
2CUZ,2CUZ FM,NSW,BOURKE,2840,Regional Community (NSW),info@2cuzfm.com,http://2cuzfm.com/,Indigenous,Pitch directly to Music Department (info@2cuzfm.com) — Pitch via Email or Amrap (Local volunteer DJs play Aussie indie) — Format: Indigenous. Community broadcaster for BOURKE NSW.
2GHR,2GHR,NSW,HOLBROOK,2644,Regional Community (NSW),info@2ghr.org.au,http://2ghr.org.au/,General,Pitch directly to Music Department (info@2ghr.org.au) — Pitch via Email or Amrap (Local volunteer DJs play Aussie indie) — Format: General. Community broadcaster for HOLBROOK NSW.
2HAY,2HAY FM 92.1,NSW,HAY,2711,Regional Community (NSW),info@2hayfm.com.au,http://www.2hayfm.com.au,General,Pitch directly to Music Department (info@2hayfm.com.au) — Pitch via Email or Amrap (Local volunteer DJs play Aussie indie) — Format: General. Community broadcaster for HAY NSW.
2MNO,2MNO Monaro FM,NSW,COOMA,2630,Regional Community (NSW),info@2mno.org.au,http://www.2mno.org.au/,General,Pitch directly to Music Department (info@2mno.org.au) — Pitch via Email or Amrap (Local volunteer DJs play Aussie indie) — Format: General. Community broadcaster for COOMA NSW.
2NAR,2NAR,NSW,NARRANDERA,2700,Regional Community (NSW),info@ncradio.com.au,http://www.ncradio.com.au/,General,Pitch directly to Music Department (info@ncradio.com.au) — Pitch via Email or Amrap (Local volunteer DJs play Aussie indie) — Format: General. Community broadcaster for NARRANDERA NSW.
2NBC,2NBC 90.1FM,NSW,KOGARAH,1485,Regional Community (NSW),info@901nbcfm.com.au,https://www.901nbcfm.com.au/,General,Pitch directly to Music Department (info@901nbcfm.com.au) — Pitch via Email or Amrap (Local volunteer DJs play Aussie indie) — Format: General. Community broadcaster for KOGARAH NSW.
2RBR,2RBR,NSW,CORAKI,2471,Regional Community (NSW),info@radio889.org.au,http://www.radio889.org.au,General,Pitch directly to Music Department (info@radio889.org.au) — Pitch via Email or Amrap (Local volunteer DJs play Aussie indie) — Format: General. Community broadcaster for CORAKI NSW.
2REM,2REM 107.3FM,NSW,LAVINGTON,2641,Regional Community (NSW),info@2rem1073fm.com.au,http://www.2rem1073fm.com.au/,General,Pitch directly to Music Department (info@2rem1073fm.com.au) — Pitch via Email or Amrap (Local volunteer DJs play Aussie indie) — Format: General. Community broadcaster for LAVINGTON NSW.
2SEA,2SEA - Eden Community Radio,NSW,EDEN,2551,Regional Community (NSW),info@2sea.com.au,http://www.2sea.com.au,General,Pitch directly to Music Department (info@2sea.com.au) — Pitch via Email or Amrap (Local volunteer DJs play Aussie indie) — Format: General. Community broadcaster for EDEN NSW.
2TLP,2TLP,NSW,TAREE,2430,Regional Community (NSW),info@ngarralinyi.com.au,https://ngarralinyi.com.au/,Indigenous,Pitch directly to Music Department (info@ngarralinyi.com.au) — Pitch via Email or Amrap (Local volunteer DJs play Aussie indie) — Format: Indigenous. Community broadcaster for TAREE NSW.
2TVR,2TVR,NSW,TUMUT,2720,Regional Community (NSW),info@thelocalstation.com.au,https://thelocalstation.com.au/,General,Pitch directly to Music Department (info@thelocalstation.com.au) — Pitch via Email or Amrap (Local volunteer DJs play Aussie indie) — Format: General. Community broadcaster for TUMUT NSW.
2WCR,2WCR FM 99.5,NSW,COONABARABRAN,2357,Regional Community (NSW),info@2wcrfm.org.au,http://2wcrfm.org.au/,General,Pitch directly to Music Department (info@2wcrfm.org.au) — Pitch via Email or Amrap (Local volunteer DJs play Aussie indie) — Format: General. Community broadcaster for COONABARABRAN NSW.
2WEB,2WEB,NSW,BOURKE,2840,Regional Community (NSW),info@outbackradio.com.au,http://www.outbackradio.com.au,General,Pitch directly to Music Department (info@outbackradio.com.au) — Pitch via Email or Amrap (Local volunteer DJs play Aussie indie) — Format: General. Community broadcaster for BOURKE NSW.
2YYY,2YYY Young,NSW,YOUNG,2594,Regional Community (NSW),info@2yyyradio.com,http://2yyyradio.com/,General,Pitch directly to Music Department (info@2yyyradio.com) — Pitch via Email or Amrap (Local volunteer DJs play Aussie indie) — Format: General. Community broadcaster for YOUNG NSW.
2BAR,93.7 EDGE FM,NSW,BEGA,2550,Regional Community (NSW),info@edgefm.org.au,https://edgefm.org.au/,General,Pitch directly to Music Department (info@edgefm.org.au) — Pitch via Email or Amrap (Local volunteer DJs play Aussie indie) — Format: General. Community broadcaster for BEGA NSW.
2MIA,95.1 2MIA FM,NSW,GRIFFITH,2680,Regional Community (NSW),info@2miafm.org.au,http://www.2miafm.org.au/,General,Pitch directly to Music Department (info@2miafm.org.au) — Pitch via Email or Amrap (Local volunteer DJs play Aussie indie) — Format: General. Community broadcaster for GRIFFITH NSW.
2LVR,97.9 Valley FM,NSW,FORBES,2871,Regional Community (NSW),info@valleyfm.org.au,http://valleyfm.org.au/,General,Pitch directly to Music Department (info@valleyfm.org.au) — Pitch via Email or Amrap (Local volunteer DJs play Aussie indie) — Format: General. Community broadcaster for FORBES NSW.
2CCR,Alive905,NSW,BAULKHAM HILLS,1755,Regional Community (NSW),info@alive905.com.au,https://www.alive905.com.au/,General,Pitch directly to Music Department (info@alive905.com.au) — Pitch via Email or Amrap (Local volunteer DJs play Aussie indie) — Format: General. Community broadcaster for BAULKHAM HILLS NSW.
2BAB,Bay & Basin 92.7FM,NSW,SANCTUARY POINT,2540,Regional Community (NSW),info@927fm.com.au,http://www.927fm.com.au,General,Pitch directly to Music Department (info@927fm.com.au) — Pitch via Email or Amrap (Local volunteer DJs play Aussie indie) — Format: General. Community broadcaster for SANCTUARY POINT NSW.
2BJG,Binjang 91.5,NSW,WELLINGTON,2820,Regional Community (NSW),info@binjangradio.net,http://binjangradio.net,General,Pitch directly to Music Department (info@binjangradio.net) — Pitch via Email or Amrap (Local volunteer DJs play Aussie indie) — Format: General. Community broadcaster for WELLINGTON NSW.
2BRW,Braidwood Community Radio,NSW,Braidwood,2622,Regional Community (NSW),info@braidwoodradio.com.au,http://www.braidwoodradio.com.au/,General,Pitch directly to Music Department (info@braidwoodradio.com.au) — Pitch via Email or Amrap (Local volunteer DJs play Aussie indie) — Format: General. Community broadcaster for Braidwood NSW.
,Bucketts Radio 104.1 FM,NSW,GLOUCESTER,2422,Regional Community (NSW),info@buckettsradio.com.au,http://buckettsradio.com.au/,General,Pitch directly to Music Department (info@buckettsradio.com.au) — Pitch via Email or Amrap (Local volunteer DJs play Aussie indie) — Format: General. Community broadcaster for GLOUCESTER NSW.
2COW,Casino's Own Wireless Association,NSW,CASINO WEST,2470,Regional Community (NSW),info@cow1079.org,http://www.cow1079.org/,General,Pitch directly to Music Department (info@cow1079.org) — Pitch via Email or Amrap (Local volunteer DJs play Aussie indie) — Format: General. Community broadcaster for CASINO WEST NSW.
DC FM 88.9,DCFM 88.9,NSW,DUBBO,2830,Regional Community (NSW),info@dcfm889.com.au,http://www.dcfm889.com.au/,General,Pitch directly to Music Department (info@dcfm889.com.au) — Pitch via Email or Amrap (Local volunteer DJs play Aussie indie) — Format: General. Community broadcaster for DUBBO NSW.
2MOR,Edge 102.5 FM,NSW,Deniliquin,2710,Regional Community (NSW),info@edge1025.com.au,https://edge1025.com.au/,Youth,Pitch directly to Music Department (info@edge1025.com.au) — Pitch via Email or Amrap (Local volunteer DJs play Aussie indie) — Format: Youth. Community broadcaster for Deniliquin NSW.
2OCW,FM107.5,NSW,ORANGE,2800,Regional Community (NSW),info@fm1075.com.au,http://fm1075.com.au/,General,Pitch directly to Music Department (info@fm1075.com.au) — Pitch via Email or Amrap (Local volunteer DJs play Aussie indie) — Format: General. Community broadcaster for ORANGE NSW.
2KRR,KRR 98.7,NSW,KANDOS,2848,Regional Community (NSW),info@krrfm.org.au,http://krrfm.org.au,General,Pitch directly to Music Department (info@krrfm.org.au) — Pitch via Email or Amrap (Local volunteer DJs play Aussie indie) — Format: General. Community broadcaster for KANDOS NSW.
2OLD,Lake Macquarie FM 97.3,NSW,BUDGEWOI,2262,Regional Community (NSW),info@lakemacquariefm.com.au,https://www.lakemacquariefm.com.au,General,Pitch directly to Music Department (info@lakemacquariefm.com.au) — Pitch via Email or Amrap (Local volunteer DJs play Aussie indie) — Format: General. Community broadcaster for BUDGEWOI NSW.
2MAX,MAX FM,NSW,NARRABRI,2390,Regional Community (NSW),info@2maxfm.com.au,http://www.2maxfm.com.au,General,Pitch directly to Music Department (info@2maxfm.com.au) — Pitch via Email or Amrap (Local volunteer DJs play Aussie indie) — Format: General. Community broadcaster for NARRABRI NSW.
2MTM,MTM FM 91.9,NSW,COONAMBLE,2829,Regional Community (NSW),info@mtmfm.org.au,http://www.mtmfm.org.au/,General,Pitch directly to Music Department (info@mtmfm.org.au) — Pitch via Email or Amrap (Local volunteer DJs play Aussie indie) — Format: General. Community broadcaster for COONAMBLE NSW.
Online Only,Myall Coast Radio,NSW,Tea Gardens,2324,Regional Community (NSW),info@myallcoastradio.com.au,http://www.myallcoastradio.com.au,General,Pitch directly to Music Department (info@myallcoastradio.com.au) — Pitch via Email or Amrap (Local volunteer DJs play Aussie indie) — Format: General. Community broadcaster for Tea Gardens NSW.
2NVR,Nambucca Valley Radio,NSW,BOWRAVILLE,2449,Regional Community (NSW),info@2nvr.org.au,http://www.2nvr.org.au,General,Pitch directly to Music Department (info@2nvr.org.au) — Pitch via Email or Amrap (Local volunteer DJs play Aussie indie) — Format: General. Community broadcaster for BOWRAVILLE NSW.
2LRR,Opal FM,NSW,LIGHTNING RIDGE,2834,Regional Community (NSW),info@opalfm.com,http://www.opalfm.com/,General,Pitch directly to Music Department (info@opalfm.com) — Pitch via Email or Amrap (Local volunteer DJs play Aussie indie) — Format: General. Community broadcaster for LIGHTNING RIDGE NSW.
2PSR,Port Stephens FM,NSW,SALAMANDER BAY,2317,Regional Community (NSW),info@psrfm.org.au,http://www.psrfm.org.au,General,Pitch directly to Music Department (info@psrfm.org.au) — Pitch via Email or Amrap (Local volunteer DJs play Aussie indie) — Format: General. Community broadcaster for SALAMANDER BAY NSW.
2GCR,RAMFM 103.3,NSW,GOULBURN,2580,Regional Community (NSW),info@ramfm.com.au,https://www.ramfm.com.au,General,Pitch directly to Music Department (info@ramfm.com.au) — Pitch via Email or Amrap (Local volunteer DJs play Aussie indie) — Format: General. Community broadcaster for GOULBURN NSW.
,Radio Dungog 107.9FM,NSW,DUNGOG,2420,Regional Community (NSW),info@radiodungog.org,https://radiodungog.org/,General,Pitch directly to Music Department (info@radiodungog.org) — Pitch via Email or Amrap (Local volunteer DJs play Aussie indie) — Format: General. Community broadcaster for DUNGOG NSW.
Online Only,Radio KCR,NSW,KIAMA,2533,Regional Community (NSW),info@kcr.org.au,https://kcr.org.au/,General,Pitch directly to Music Department (info@kcr.org.au) — Pitch via Email or Amrap (Local volunteer DJs play Aussie indie) — Format: General. Community broadcaster for KIAMA NSW.
VL2NI,Radio Norfolk,NSW,NORFOLK ISLAND,2899,Regional Community (NSW),info@radio.gov.nf,http://www.radio.gov.nf/vl2ni.htm,General,Pitch directly to Music Department (info@radio.gov.nf) — Pitch via Email or Amrap (Local volunteer DJs play Aussie indie) — Format: General. Community broadcaster for NORFOLK ISLAND NSW.
2STA,STA FM 91.9,NSW,Inverell,2360,Regional Community (NSW),info@stafm.com.au,http://www.stafm.com.au/,General,Pitch directly to Music Department (info@stafm.com.au) — Pitch via Email or Amrap (Local volunteer DJs play Aussie indie) — Format: General. Community broadcaster for Inverell NSW.
2MCR,Sounds of Macarthur,NSW,CAMPBELLTOWN,2560,Regional Community (NSW),info@soundsofmacarthur.org.au,http://www.soundsofmacarthur.org.au,General,Pitch directly to Music Department (info@soundsofmacarthur.org.au) — Pitch via Email or Amrap (Local volunteer DJs play Aussie indie) — Format: General. Community broadcaster for CAMPBELLTOWN NSW.
2TEM,TEM-FM 102.5,NSW,TEMORA,2666,Regional Community (NSW),info@tem-fm.com.au,http://www.tem-fm.com.au,General,Pitch directly to Music Department (info@tem-fm.com.au) — Pitch via Email or Amrap (Local volunteer DJs play Aussie indie) — Format: General. Community broadcaster for TEMORA NSW.
2TEN,TEN FM,NSW,TENTERFIELD,2372,Regional Community (NSW),info@tenfm.org.au,http://www.tenfm.org.au,General,Pitch directly to Music Department (info@tenfm.org.au) — Pitch via Email or Amrap (Local volunteer DJs play Aussie indie) — Format: General. Community broadcaster for TENTERFIELD NSW.
2TLC,TLC 93.5FM,NSW,YAMBA,2464,Regional Community (NSW),info@tlcfm.com.au,http://tlcfm.com.au/,General,Pitch directly to Music Department (info@tlcfm.com.au) — Pitch via Email or Amrap (Local volunteer DJs play Aussie indie) — Format: General. Community broadcaster for YAMBA NSW.
2CCM,Todays Country 94.1,NSW,GOSFORD,2250,Regional Community (NSW),info@todayscountry94one.com,http://www.todayscountry94one.com,Specialised Music,Pitch directly to Music Department (info@todayscountry94one.com) — Pitch via Email or Amrap (Local volunteer DJs play Aussie indie) — Format: Specialised Music. Community broadcaster for GOSFORD NSW.
2WAR,WAR FM,NSW,GILGANDRA,2827,Regional Community (NSW),info@989warfm.com.au,https://989warfm.com.au/,General,Pitch directly to Music Department (info@989warfm.com.au) — Pitch via Email or Amrap (Local volunteer DJs play Aussie indie) — Format: General. Community broadcaster for GILGANDRA NSW.
,Wilcannia River Radio,NSW,DUBBO EAST,2830,Regional Community (NSW),info@redie.org.au,https://redie.org.au/what-we-do/programs/wilcannia-river-radio,Indigenous,Pitch directly to Music Department (info@redie.org.au) — Pitch via Email or Amrap (Local volunteer DJs play Aussie indie) — Format: Indigenous. Community broadcaster for DUBBO EAST NSW.
5ACR,5ACR AMATA,NT,PMB UMUWA VIA ALICE SPRINGS,0872,Regional Community (NT),admin@pymedia.org.au,http://www.pymedia.org.au/radio/,Indigenous,Pitch directly to Music Department (admin@pymedia.org.au) — Best submitted via Amrap (broadcasters download tracks directly from Amrap) — Format: Indigenous. Community broadcaster for PMB UMUWA VIA ALICE SPRINGS NT.
8ACR,8PAW Paw Radio,NT,YUENDUMU,0872,Regional Community (NT),admin@teabba.com.au,http://www.teabba.com.au,Indigenous,Pitch directly to Music Department (admin@teabba.com.au) — Best submitted via Amrap (broadcasters download tracks directly from Amrap) — Format: Indigenous. Community broadcaster for PINELAND NT.
8KIN,CAAMA Radio CENTRAL ZONE,NT,ALICE SPRINGS,0871,Regional Community (NT),info@caama.com.au,http://www.caama.com.au,Indigenous,Pitch directly to Music Department (info@caama.com.au) — Pitch via Email or Amrap (Local volunteer DJs play Aussie indie) — Format: Indigenous. Community broadcaster for ALICE SPRINGS NT.
8KNB,First Nations Radio,NT,DARWIN,0801,Regional Community (NT),info@firstnationsbroadcasting.org,http://www.firstnationsbroadcasting.org,Indigenous,Pitch directly to Music Department (info@firstnationsbroadcasting.org) — Pitch via Email or Amrap (Local volunteer DJs play Aussie indie) — Format: Indigenous. Community broadcaster for DARWIN NT.
8KTR,Katherine FM,NT,KATHERINE,0851,Regional Community (NT),info@katherinefm.org.au,https://katherinefm.org.au/,General,Pitch directly to Music Department (info@katherinefm.org.au) — Pitch via Email or Amrap (Local volunteer DJs play Aussie indie) — Format: General. Community broadcaster for KATHERINE NT.
6ACR,NG Media,NT,ALICE SPRINGS,0872,Regional Community (NT),info@ngmedia.org.au,https://ngmedia.org.au,Indigenous,Pitch directly to Music Department (info@ngmedia.org.au) — Pitch via Email or Amrap (Local volunteer DJs play Aussie indie) — Format: Indigenous. Community broadcaster for ALICE SPRINGS NT.
8ACR,TEABBA 8ACR,NT,PINELAND,0829,Regional Community (NT),admin@teabba.com.au,http://www.teabba.com.au,Indigenous,Pitch directly to Music Department (admin@teabba.com.au) — Best submitted via Amrap (broadcasters download tracks directly from Amrap) — Format: Indigenous. Community broadcaster for PINELAND NT.
,Yolngu Radio,NT,WINNELLIE,0821,Regional Community (NT),info@ards.com.au,http://www.ards.com.au,Indigenous,Pitch directly to Music Department (info@ards.com.au) — Pitch via Email or Amrap (Local volunteer DJs play Aussie indie) — Format: Indigenous. Community broadcaster for WINNELLIE NT.
4DDB,102.7FM,QLD,TOOWOOMBA,4350,Regional Community (QLD),info@1027.com.au,https://1027.com.au/,General,Pitch directly to Music Department (info@1027.com.au) — Pitch via Email or Amrap (Local volunteer DJs play Aussie indie) — Format: General. Community broadcaster for TOOWOOMBA QLD.
4ACR,4ACR BOIGU ISLAND,QLD,BOIGU ISLAND,4875,Regional Community (QLD),info@qram.com.au,http://www.qram.com.au,Torres Strait Islanders,Pitch directly to Music Department (info@qram.com.au) — Pitch via Email or Amrap (Local volunteer DJs play Aussie indie) — Format: Indigenous. Community broadcaster for CAIRNS NORTH QLD.
4GGO,4GGO,QLD,GIN GIN,4671,Regional Community (QLD),info@ginginsown1049.com,https://ginginsown1049.com/,General,Pitch directly to Music Department (info@ginginsown1049.com) — Pitch via Email or Amrap (Local volunteer DJs play Aussie indie) — Format: General. Community broadcaster for GIN GIN QLD.
4K1G,4K1G,QLD,TOWNSVILLE,4810,Regional Community (QLD),info@4k1g.org,http://www.4k1g.org,Indigenous,Pitch directly to Music Department (info@4k1g.org) — Pitch via Email or Amrap (Local volunteer DJs play Aussie indie) — Format: Indigenous. Community broadcaster for TOWNSVILLE QLD.
4MOB,4MOB,QLD,MOUNT ISA DC,4825,Regional Community (QLD),info@miama.com.au,https://miama.com.au/,Indigenous,Pitch directly to Music Department (info@miama.com.au) — Pitch via Email or Amrap (Local volunteer DJs play Aussie indie) — Format: Indigenous. Community broadcaster for MOUNT ISA DC QLD.
4PIB,4PIB,QLD,PALM ISLAND,4816,Regional Community (QLD),info@pcyc.org.au,http://www.pcyc.org.au/palmisland,Indigenous,Pitch directly to Music Department (info@pcyc.org.au) — Pitch via Email or Amrap (Local volunteer DJs play Aussie indie) — Format: Indigenous. Community broadcaster for PALM ISLAND QLD.
4RFM,4RFM Moranbah Community Radio,QLD,MORANBAH,4744,Regional Community (QLD),info@4rfm.com.au,http://4rfm.com.au/,General,Pitch directly to Music Department (info@4rfm.com.au) — Pitch via Email or Amrap (Local volunteer DJs play Aussie indie) — Format: General. Community broadcaster for MORANBAH QLD.
4RR,4RR,QLD,CHARLEVILLE,4470,Regional Community (QLD),info@4rr.com.au,http://www.4rr.com.au,Indigenous,Pitch directly to Music Department (info@4rr.com.au) — Pitch via Email or Amrap (Local volunteer DJs play Aussie indie) — Format: Indigenous. Community broadcaster for CHARLEVILLE QLD.
4US,4US,QLD,ROCKHAMPTON,4700,Regional Community (QLD),info@4us.com.au,http://www.4us.com.au/,Indigenous,Pitch directly to Music Department (info@4us.com.au) — Pitch via Email or Amrap (Local volunteer DJs play Aussie indie) — Format: Indigenous. Community broadcaster for ROCKHAMPTON QLD.
4ACR,4mw1260 am Thursday Island,QLD,THURSDAY ISLAND,4875,Regional Community (QLD),info@qram.com.au,http://www.qram.com.au,Torres Strait Islanders,Pitch directly to Music Department (info@qram.com.au) — Pitch via Email or Amrap (Local volunteer DJs play Aussie indie) — Format: Indigenous. Community broadcaster for CAIRNS NORTH QLD.
4GEM,95.1 GEM FM,QLD,BOWEN,4805,Regional Community (QLD),info@951gemfm.org,https://www.951gemfm.org/,General,Pitch directly to Music Department (info@951gemfm.org) — Pitch via Email or Amrap (Local volunteer DJs play Aussie indie) — Format: General. Community broadcaster for BOWEN QLD.
4BAY,Bay FM,QLD,CLEVELAND,4163,Regional Community (QLD),info@bayfm.org.au,http://www.bayfm.org.au,General,Pitch directly to Music Department (info@bayfm.org.au) — Pitch via Email or Amrap (Local volunteer DJs play Aussie indie) — Format: General. Community broadcaster for CLEVELAND QLD.
4ACR,Black Star Radio,QLD,CAIRNS NORTH,4870,Regional Community (QLD),info@qram.com.au,http://www.qram.com.au,Indigenous,Pitch directly to Music Department (info@qram.com.au) — Pitch via Email or Amrap (Local volunteer DJs play Aussie indie) — Format: Indigenous. Community broadcaster for CAIRNS NORTH QLD.
4CIM,Bumma Bippera Media 98.7FM,QLD,BUNGALOW,4870,Regional Community (QLD),info@bbm987.com.au,https://bbm987.com.au/,Indigenous,Pitch directly to Music Department (info@bbm987.com.au) — Pitch via Email or Amrap (Local volunteer DJs play Aussie indie) — Format: Indigenous. Community broadcaster for BUNGALOW QLD.
4CSB,CROW FM,QLD,WONDAI,4606,Regional Community (QLD),info@crowfm.com.au,http://www.crowfm.com.au,General,Pitch directly to Music Department (info@crowfm.com.au) — Pitch via Email or Amrap (Local volunteer DJs play Aussie indie) — Format: General. Community broadcaster for WONDAI QLD.
,Cherbourg Radio,QLD,Cherbourg,4605,Regional Community (QLD),info@cherbourg.qld.gov.au,https://cherbourg.qld.gov.au/community/cherbourg-radio/,Indigenous,Pitch directly to Music Department (info@cherbourg.qld.gov.au) — Pitch via Email or Amrap (Local volunteer DJs play Aussie indie) — Format: Indigenous. Community broadcaster for Cherbourg QLD.
4BCR,Coral Coast Community Radio 94.7 FM,QLD,BUNDABERG SOUTH,4670,Regional Community (QLD),info@coralcoastradio.net.au,http://www.coralcoastradio.net.au,General,Pitch directly to Music Department (info@coralcoastradio.net.au) — Pitch via Email or Amrap (Local volunteer DJs play Aussie indie) — Format: General. Community broadcaster for BUNDABERG SOUTH QLD.
,Douglas FM,QLD,Port Douglas,4877,Regional Community (QLD),info@douglasfm.au,https://www.douglasfm.au/,General,Pitch directly to Music Department (info@douglasfm.au) — Pitch via Email or Amrap (Local volunteer DJs play Aussie indie) — Format: General. Community broadcaster for Port Douglas QLD.
4NAG,KeppelFM 91.3,QLD,YEPPOON,4703,Regional Community (QLD),info@keppelfm.org.au,http://keppelfm.org.au/,General,Pitch directly to Music Department (info@keppelfm.org.au) — Pitch via Email or Amrap (Local volunteer DJs play Aussie indie) — Format: General. Community broadcaster for YEPPOON QLD.
4MUR,My105.9FM,QLD,MACKAY,4740,Regional Community (QLD),info@my105fm.com.au,https://my105fm.com.au/,Indigenous,Pitch directly to Music Department (info@my105fm.com.au) — Pitch via Email or Amrap (Local volunteer DJs play Aussie indie) — Format: Indigenous. Community broadcaster for MACKAY QLD.
Online Only,Phoenix Radio,QLD,RACEVIEW,4305,Regional Community (QLD),info@phoenixradi2.wixsite.com,https://phoenixradi2.wixsite.com/phoenixradio/home,General,Pitch directly to Music Department (info@phoenixradi2.wixsite.com) — Pitch via Email or Amrap (Local volunteer DJs play Aussie indie) — Format: General. Community broadcaster for RACEVIEW QLD.
4YOU,Radio 4YOU,QLD,WANDAL,4700,Regional Community (QLD),info@4you.org.au,http://www.4you.org.au/,General,Pitch directly to Music Department (info@4you.org.au) — Pitch via Email or Amrap (Local volunteer DJs play Aussie indie) — Format: General. Community broadcaster for WANDAL QLD.
4CBL,Radio Logan 101 FM,QLD,LOGAN CITY DC,4114,Regional Community (QLD),info@101fm.com.au,https://101fm.com.au/,General,Pitch directly to Music Department (info@101fm.com.au) — Pitch via Email or Amrap (Local volunteer DJs play Aussie indie) — Format: General. Community broadcaster for LOGAN CITY DC QLD.
4RIM,Rim FM 100.1,QLD,BOONAH,4310,Regional Community (QLD),info@rimfm.org,http://www.rimfm.org/,General,Pitch directly to Music Department (info@rimfm.org) — Pitch via Email or Amrap (Local volunteer DJs play Aussie indie) — Format: General. Community broadcaster for BOONAH QLD.
4SDB,Rose City FM,QLD,WARWICK,4370,Regional Community (QLD),info@rosecityfm.org.au,https://rosecityfm.org.au/,General,Pitch directly to Music Department (info@rosecityfm.org.au) — Pitch via Email or Amrap (Local volunteer DJs play Aussie indie) — Format: General. Community broadcaster for WARWICK QLD.
4AAA,Triple A,QLD,WEST END,4101,Regional Community (QLD),info@triplea.org.au,https://triplea.org.au/,Indigenous,Pitch directly to Music Department (info@triplea.org.au) — Pitch via Email or Amrap (Local volunteer DJs play Aussie indie) — Format: Indigenous. Community broadcaster for WEST END QLD.
4DDD,Western Downs Region Radio,QLD,DALBY,4405,Regional Community (QLD),info@radio4ddd.com.au,http://www.radio4ddd.com.au/,General,Pitch directly to Music Department (info@radio4ddd.com.au) — Pitch via Email or Amrap (Local volunteer DJs play Aussie indie) — Format: General. Community broadcaster for DALBY QLD.
4WHO,Wild Horse FM,QLD,YARRAMAN,4614,Regional Community (QLD),info@wildhorsefm.com,http://www.wildhorsefm.com/,General,Pitch directly to Music Department (info@wildhorsefm.com) — Pitch via Email or Amrap (Local volunteer DJs play Aussie indie) — Format: General. Community broadcaster for YARRAMAN QLD.
5ZZZ,5 Triple Z,SA,MCLAREN VALE,5171,Regional Community (SA),info@5triplez.com.au,http://5triplez.com.au/,General,Pitch directly to Music Department (info@5triplez.com.au) — Pitch via Email or Amrap (Local volunteer DJs play Aussie indie) — Format: General. Community broadcaster for MCLAREN VALE SA.
5GTR,5GTR,SA,MOUNT GAMBIER,5290,Regional Community (SA),info@5gtr.net,http://www.5gtr.net,General,Pitch directly to Music Department (info@5gtr.net) — Pitch via Email or Amrap (Local volunteer DJs play Aussie indie) — Format: General. Community broadcaster for MOUNT GAMBIER SA.
5KIX,5KIX-FM,SA,KINGSCOTE,5223,Regional Community (SA),info@5kixfm.org,http://www.5kixfm.org,General,Pitch directly to Music Department (info@5kixfm.org) — Pitch via Email or Amrap (Local volunteer DJs play Aussie indie) — Format: General. Community broadcaster for KINGSCOTE SA.
5PBS,5PBS,SA,Peterborough,5422,Regional Community (SA),info@5pbs.org.au,http://5pbs.org.au,General,Pitch directly to Music Department (info@5pbs.org.au) — Pitch via Email or Amrap (Local volunteer DJs play Aussie indie) — Format: General. Community broadcaster for Peterborough SA.
5THE,5THE FM,SA,MILLICENT,5280,Regional Community (SA),info@5-thefm.org,https://www.5-thefm.org/,General,Pitch directly to Music Department (info@5-thefm.org) — Pitch via Email or Amrap (Local volunteer DJs play Aussie indie) — Format: General. Community broadcaster for MILLICENT SA.
5GFM,89.3 Gulf FM,SA,KADINA,5554,Regional Community (SA),info@gulffm.com.au,http://www.gulffm.com.au/,General,Pitch directly to Music Department (info@gulffm.com.au) — Pitch via Email or Amrap (Local volunteer DJs play Aussie indie) — Format: General. Community broadcaster for KADINA SA.
5GSFM,90.1 HAPPY FM,SA,VICTOR HARBOR,5211,Regional Community (SA),info@happyfm.org.au,http://www.happyfm.org.au,General,Pitch directly to Music Department (info@happyfm.org.au) — Pitch via Email or Amrap (Local volunteer DJs play Aussie indie) — Format: General. Community broadcaster for VICTOR HARBOR SA.
5ALX,Alex FM Radio Goolwa,SA,GOOLWA,5214,Regional Community (SA),info@alexfm.com.au,https://www.alexfm.com.au/,General,Pitch directly to Music Department (info@alexfm.com.au) — Pitch via Email or Amrap (Local volunteer DJs play Aussie indie) — Format: General. Community broadcaster for GOOLWA SA.
5DUS,Dusty Radio,SA,COOBER PEDY,5723,Regional Community (SA),info@dustyradio.com.au,http://www.dustyradio.com.au,General,Pitch directly to Music Department (info@dustyradio.com.au) — Pitch via Email or Amrap (Local volunteer DJs play Aussie indie) — Format: General. Community broadcaster for COOBER PEDY SA.
5EFM,Fleurieu FM,SA,VICTOR HARBOR,5211,Regional Community (SA),info@fleurieufm.org.au,http://www.fleurieufm.org.au,General,Pitch directly to Music Department (info@fleurieufm.org.au) — Pitch via Email or Amrap (Local volunteer DJs play Aussie indie) — Format: General. Community broadcaster for VICTOR HARBOR SA.
5ROX,ROX FM,SA,ROXBY DOWNS,5725,Regional Community (SA),info@roxfm.com.au,http://www.roxfm.com.au,General,Pitch directly to Music Department (info@roxfm.com.au) — Pitch via Email or Amrap (Local volunteer DJs play Aussie indie) — Format: General. Community broadcaster for ROXBY DOWNS SA.
,Rocket Range Radio,SA,Mount Barker,5751,Regional Community (SA),info@rocketrangeradio.au,https://rocketrangeradio.au,General,Pitch directly to Music Department (info@rocketrangeradio.au) — Pitch via Email or Amrap (Local volunteer DJs play Aussie indie) — Format: General. Community broadcaster for Mount Barker SA.
5TRX,TRAX FM,SA,PORT PIRIE,5540,Regional Community (SA),info@traxfm.org.au,https://www.traxfm.org.au/,General,Pitch directly to Music Department (info@traxfm.org.au) — Pitch via Email or Amrap (Local volunteer DJs play Aussie indie) — Format: General. Community broadcaster for PORT PIRIE SA.
5BBB,Triple B FM,SA,TANUNDA,5352,Regional Community (SA),info@bbbfm.com,http://www.bbbfm.com,General,Pitch directly to Music Department (info@bbbfm.com) — Pitch via Email or Amrap (Local volunteer DJs play Aussie indie) — Format: General. Community broadcaster for TANUNDA SA.
5YYY,Triple Y,SA,WHYALLA NORRIE,5608,Regional Community (SA),info@tripley.com.au,https://tripley.com.au/,General,Pitch directly to Music Department (info@tripley.com.au) — Pitch via Email or Amrap (Local volunteer DJs play Aussie indie) — Format: General. Community broadcaster for WHYALLA NORRIE SA.
5UMA,Umeewarra Radio,SA,PORT AUGUSTA,5700,Regional Community (SA),info@umeewarramedia.com,http://www.umeewarramedia.com,Indigenous,Pitch directly to Music Department (info@umeewarramedia.com) — Pitch via Email or Amrap (Local volunteer DJs play Aussie indie) — Format: Indigenous. Community broadcaster for PORT AUGUSTA SA.
7MID,97.1FM The Voice of the Midlands,TAS,OATLANDS,7120,Regional Community (TAS),info@7midfm.com.au,https://7midfm.com.au/,General,Pitch directly to Music Department (info@7midfm.com.au) — Pitch via Email or Amrap (Local volunteer DJs play Aussie indie) — Format: General. Community broadcaster for OATLANDS TAS.
7RGY,HUON AND KINGSTON FM COMMUNITY RADIO,TAS,GEEVESTON,7116,Regional Community (TAS),info@huonfm.com,http://www.huonfm.com,General,Pitch directly to Music Department (info@huonfm.com) — Pitch via Email or Amrap (Local volunteer DJs play Aussie indie) — Format: General. Community broadcaster for GEEVESTON TAS.
,King Island Radio 100.5FM,TAS,CURRIE,7256,Regional Community (TAS),info@kingislandradio.com,http://www.kingislandradio.com,General,Pitch directly to Music Department (info@kingislandradio.com) — Pitch via Email or Amrap (Local volunteer DJs play Aussie indie) — Format: General. Community broadcaster for CURRIE TAS.
,Meander Valley FM,TAS,DELORAINE,7304,Regional Community (TAS),info@mvfm.com.au,https://mvfm.com.au/,General,Pitch directly to Music Department (info@mvfm.com.au) — Pitch via Email or Amrap (Local volunteer DJs play Aussie indie) — Format: General. Community broadcaster for DELORAINE TAS.
7BOD,Star FM,TAS,ST HELENS,7216,Regional Community (TAS),info@starfm.org.au,http://www.starfm.org.au,General,Pitch directly to Music Department (info@starfm.org.au) — Pitch via Email or Amrap (Local volunteer DJs play Aussie indie) — Format: General. Community broadcaster for ST HELENS TAS.
7TFM,Tamar FM 95.3,TAS,GEORGE TOWN,7253,Regional Community (TAS),info@tamarfm.net,http://www.tamarfm.net,General,Pitch directly to Music Department (info@tamarfm.net) — Pitch via Email or Amrap (Local volunteer DJs play Aussie indie) — Format: General. Community broadcaster for GEORGE TOWN TAS.
7TAS,Tasman FM,TAS,NUBEENA,7184,Regional Community (TAS),info@tasmanfm.com.au,http://www.tasmanfm.com.au/,General,Pitch directly to Music Department (info@tasmanfm.com.au) — Pitch via Email or Amrap (Local volunteer DJs play Aussie indie) — Format: General. Community broadcaster for NUBEENA TAS.
7TYG,Tyga FM,TAS,NEW NORFOLK,7140,Regional Community (TAS),info@tygafm.org.au,http://www.tygafm.org.au/,General,Pitch directly to Music Department (info@tygafm.org.au) — Pitch via Email or Amrap (Local volunteer DJs play Aussie indie) — Format: General. Community broadcaster for NEW NORFOLK TAS.
3KND,3KND Kool N Deadly,VIC,PRESTON,3072,Regional Community (VIC),info@3knd.org.au,http://www.3knd.org.au,Indigenous,Pitch directly to Music Department (info@3knd.org.au) — Pitch via Email or Amrap (Local volunteer DJs play Aussie indie) — Format: Indigenous. Community broadcaster for PRESTON VIC.
3MBR,3MBR FM Mallee Border Radio,VIC,MURRAYVILLE,3512,Regional Community (VIC),info@3mbrfm.org.au,http://www.3mbrfm.org.au,General,Pitch directly to Music Department (info@3mbrfm.org.au) — Pitch via Email or Amrap (Local volunteer DJs play Aussie indie) — Format: General. Community broadcaster for MURRAYVILLE VIC.
3MGB,3MGB,VIC,MALLACOOTA,3892,Regional Community (VIC),info@3mgb.org.au,http://3mgb.org.au/,General,Pitch directly to Music Department (info@3mgb.org.au) — Pitch via Email or Amrap (Local volunteer DJs play Aussie indie) — Format: General. Community broadcaster for MALLACOOTA VIC.
3RPC,3RPC FM,VIC,PORTLAND,3305,Regional Community (VIC),info@3rpcfm.org.au,http://3rpcfm.org.au/,General,Pitch directly to Music Department (info@3rpcfm.org.au) — Pitch via Email or Amrap (Local volunteer DJs play Aussie indie) — Format: General. Community broadcaster for PORTLAND VIC.
3WYN,88.9 WYNFM,VIC,WERRIBEE,3030,Regional Community (VIC),info@wynfm.org.au,http://www.wynfm.org.au,General,Pitch directly to Music Department (info@wynfm.org.au) — Pitch via Email or Amrap (Local volunteer DJs play Aussie indie) — Format: General. Community broadcaster for WERRIBEE VIC.
3INR,96.5 InnerFM,VIC,HEIDELBERG,3084,Regional Community (VIC),info@innerfm.org.au,http://www.innerfm.org.au,General,Pitch directly to Music Department (info@innerfm.org.au) — Pitch via Email or Amrap (Local volunteer DJs play Aussie indie) — Format: General. Community broadcaster for HEIDELBERG VIC.
3RIM,979 FM,VIC,MELTON,3337,Regional Community (VIC),info@979fm.com.au,http://979fm.com.au/,General,Pitch directly to Music Department (info@979fm.com.au) — Pitch via Email or Amrap (Local volunteer DJs play Aussie indie) — Format: General. Community broadcaster for MELTON VIC.
3VKV,Alpine FM,VIC,MOUNT BEAUTY,3699,Regional Community (VIC),info@alpinefm.org.au,https://www.alpinefm.org.au/,General,Pitch directly to Music Department (info@alpinefm.org.au) — Pitch via Email or Amrap (Local volunteer DJs play Aussie indie) — Format: General. Community broadcaster for MOUNT BEAUTY VIC.
3APL,Apple 98.5FM,VIC,BACCHUS MARSH,3340,Regional Community (VIC),info@apple985fm.com.au,http://apple985fm.com.au/,General,Pitch directly to Music Department (info@apple985fm.com.au) — Pitch via Email or Amrap (Local volunteer DJs play Aussie indie) — Format: General. Community broadcaster for BACCHUS MARSH VIC.
MGV32,C31,VIC,Southbank,3006,Regional Community (VIC),info@c31.org.au,http://www.c31.org.au,General,Pitch directly to Music Department (info@c31.org.au) — Pitch via Email or Amrap (Local volunteer DJs play Aussie indie) — Format: General. Community broadcaster for Southbank VIC.
3GFM,Goldfields FM 99.1,VIC,MARYBOROUGH,3465,Regional Community (VIC),info@goldfieldsfm.org.au,https://www.goldfieldsfm.org.au/,General,Pitch directly to Music Department (info@goldfieldsfm.org.au) — Pitch via Email or Amrap (Local volunteer DJs play Aussie indie) — Format: General. Community broadcaster for MARYBOROUGH VIC.
3HOT,HOT FM,VIC,MILDURA,3502,Regional Community (VIC),info@hotfm.org.au,http://www.hotfm.org.au,General,Pitch directly to Music Department (info@hotfm.org.au) — Pitch via Email or Amrap (Local volunteer DJs play Aussie indie) — Format: General. Community broadcaster for MILDURA VIC.
3NOW,North West FM,VIC,HADFIELD,3046,Regional Community (VIC),info@northwestfm.org,http://www.northwestfm.org,General,Pitch directly to Music Department (info@northwestfm.org) — Pitch via Email or Amrap (Local volunteer DJs play Aussie indie) — Format: General. Community broadcaster for HADFIELD VIC.
3WPR,OAK FM,VIC,YARRUNGA,3677,Regional Community (VIC),info@oakfm.com.au,http://www.oakfm.com.au/,General,Pitch directly to Music Department (info@oakfm.com.au) — Pitch via Email or Amrap (Local volunteer DJs play Aussie indie) — Format: General. Community broadcaster for YARRUNGA VIC.
3OKR,OKRFM,VIC,KILMORE,3764,Regional Community (VIC),info@okrfm.com.au,https://okrfm.com.au/shows,General,Pitch directly to Music Department (info@okrfm.com.au) — Pitch via Email or Amrap (Local volunteer DJs play Aussie indie) — Format: General. Community broadcaster for KILMORE VIC.
3PVR,Plenty Valley FM 88.6,VIC,MILL PARK,3082,Regional Community (VIC),info@pvfm.org.au,http://www.pvfm.org.au,General,Pitch directly to Music Department (info@pvfm.org.au) — Pitch via Email or Amrap (Local volunteer DJs play Aussie indie) — Format: General. Community broadcaster for MILL PARK VIC.
3REG,REG-FM,VIC,BAIRNSDALE,3875,Regional Community (VIC),info@regfm.com.au,http://www.regfm.com.au/,General,Pitch directly to Music Department (info@regfm.com.au) — Pitch via Email or Amrap (Local volunteer DJs play Aussie indie) — Format: General. Community broadcaster for BAIRNSDALE VIC.
3RPP,RPP FM,VIC,MORNINGTON,3931,Regional Community (VIC),info@rppfm.com.au,http://www.rppfm.com.au,General,Pitch directly to Music Department (info@rppfm.com.au) — Pitch via Email or Amrap (Local volunteer DJs play Aussie indie) — Format: General. Community broadcaster for MORNINGTON VIC.
3GRR,Radio EMFM,VIC,ECHUCA,3564,Regional Community (VIC),info@radioemfm.org.au,http://www.radioemfm.org.au,General,Pitch directly to Music Department (info@radioemfm.org.au) — Pitch via Email or Amrap (Local volunteer DJs play Aussie indie) — Format: General. Community broadcaster for ECHUCA VIC.
3ECB,Radio Eastern FM 98.1,VIC,CROYDON,3136,Regional Community (VIC),info@radioeasternfm.com.au,https://www.radioeasternfm.com.au/,General,Pitch directly to Music Department (info@radioeasternfm.com.au) — Pitch via Email or Amrap (Local volunteer DJs play Aussie indie) — Format: General. Community broadcaster for CROYDON VIC.
3MCR,Radio Mansfield 99.7FM,VIC,MANSFIELD,3724,Regional Community (VIC),info@radiomansfield.org.au,http://www.radiomansfield.org.au,General,Pitch directly to Music Department (info@radiomansfield.org.au) — Pitch via Email or Amrap (Local volunteer DJs play Aussie indie) — Format: General. Community broadcaster for MANSFIELD VIC.
3RUM,Radio Upper Murray,VIC,WALWA,3709,Regional Community (VIC),info@radiouppermurray.com.au,https://www.radiouppermurray.com.au/,General,Pitch directly to Music Department (info@radiouppermurray.com.au) — Pitch via Email or Amrap (Local volunteer DJs play Aussie indie) — Format: General. Community broadcaster for WALWA VIC.
3SEY,Seymour FM,VIC,SEYMOUR,3660,Regional Community (VIC),info@seymourfm.com.au,https://seymourfm.com.au/,General,Pitch directly to Music Department (info@seymourfm.com.au) — Pitch via Email or Amrap (Local volunteer DJs play Aussie indie) — Format: General. Community broadcaster for SEYMOUR VIC.
3SFM,Smart FM 99.1,VIC,SWAN HILL,3585,Regional Community (VIC),info@991smartfm.com.au,http://www.991smartfm.com.au/,General,Pitch directly to Music Department (info@991smartfm.com.au) — Pitch via Email or Amrap (Local volunteer DJs play Aussie indie) — Format: General. Community broadcaster for SWAN HILL VIC.
3NRG,Sunbury Radio 99.3FM,VIC,SUNBURY,3429,Regional Community (VIC),info@sunburyradio.com.au,http://www.sunburyradio.com.au,General,Pitch directly to Music Department (info@sunburyradio.com.au) — Pitch via Email or Amrap (Local volunteer DJs play Aussie indie) — Format: General. Community broadcaster for SUNBURY VIC.
3HHH,Triple H 96.5 FM,VIC,HORSHAM,3402,Regional Community (VIC),info@tripleh965fm.org.au,http://www.tripleh965fm.org.au,General,Pitch directly to Music Department (info@tripleh965fm.org.au) — Pitch via Email or Amrap (Local volunteer DJs play Aussie indie) — Format: General. Community broadcaster for HORSHAM VIC.
3UGE,UGFM - Radio Murrindindi,VIC,ALEXANDRA,3714,Regional Community (VIC),info@ugfm.org,http://www.ugfm.org/,General,Pitch directly to Music Department (info@ugfm.org) — Pitch via Email or Amrap (Local volunteer DJs play Aussie indie) — Format: General. Community broadcaster for ALEXANDRA VIC.
6AUG,2oceansFM,WA,AUGUSTA,6290,Regional Community (WA),info@2oceansfm.com.au,http://www.2oceansfm.com.au,General,Pitch directly to Music Department (info@2oceansfm.com.au) — Pitch via Email or Amrap (Local volunteer DJs play Aussie indie) — Format: General. Community broadcaster for AUGUSTA WA.
6DBY,6DBY FM,WA,DERBY,6728,Regional Community (WA),info@6dby.com.au,http://www.6dby.com.au,Indigenous,Pitch directly to Music Department (info@6dby.com.au) — Pitch via Email or Amrap (Local volunteer DJs play Aussie indie) — Format: Indigenous. Community broadcaster for DERBY WA.
6NEW,6NEW 92.9 Community Radio Newman,WA,NEWMAN,6753,Regional Community (WA),info@sites.google.com,https://sites.google.com/view/6new,General,Pitch directly to Music Department (info@sites.google.com) — Pitch via Email or Amrap (Local volunteer DJs play Aussie indie) — Format: General. Community broadcaster for NEWMAN WA.
6RCI,6RCI Community Radio,WA,CHRISTMAS ISLAND,6798,Regional Community (WA),info@6rci.net,https://www.6rci.net/,General,Pitch directly to Music Department (info@6rci.net) — Pitch via Email or Amrap (Local volunteer DJs play Aussie indie) — Format: General. Community broadcaster for CHRISTMAS ISLAND WA.
Bunbury 103.7,Bunbury 103.7,WA,Gelorup,6230,Regional Community (WA),info@bunburycommunityradio.com,http://www.bunburycommunityradio.com,General,Pitch directly to Music Department (info@bunburycommunityradio.com) — Pitch via Email or Amrap (Local volunteer DJs play Aussie indie) — Format: General. Community broadcaster for Gelorup WA.
,Collie Community Radio,WA,COLLIE,6225,Regional Community (WA),info@colliecommunityradio.com.au,http://www.colliecommunityradio.com.au/,General,Pitch directly to Music Department (info@colliecommunityradio.com.au) — Pitch via Email or Amrap (Local volunteer DJs play Aussie indie) — Format: General. Community broadcaster for COLLIE WA.
6NR,Curtin FM 100.1,WA,PERTH,6845,Regional Community (WA),info@curtinfm.com.au,http://www.curtinfm.com.au,Educational,Pitch directly to Music Department (info@curtinfm.com.au) — Pitch via Email or Amrap (Local volunteer DJs play Aussie indie) — Format: Educational. Community broadcaster for PERTH WA.
,DBCR,WA,DONNYBROOK,6239,Regional Community (WA),info@dbcr.com.au,https://dbcr.com.au/,General,Pitch directly to Music Department (info@dbcr.com.au) — Pitch via Email or Amrap (Local volunteer DJs play Aussie indie) — Format: General. Community broadcaster for DONNYBROOK WA.
6CRA,Great Southern FM,WA,ALBANY,6330,Regional Community (WA),info@greatsouthernfm.com,http://www.greatsouthernfm.com,General,Pitch directly to Music Department (info@greatsouthernfm.com) — Pitch via Email or Amrap (Local volunteer DJs play Aussie indie) — Format: General. Community broadcaster for ALBANY WA.
6HRV,Harvey Community Radio 96.5fm,WA,HARVEY,6220,Regional Community (WA),info@harveycommunityradiofm.com.au,https://www.harveycommunityradiofm.com.au/,General,Pitch directly to Music Department (info@harveycommunityradiofm.com.au) — Pitch via Email or Amrap (Local volunteer DJs play Aussie indie) — Format: General. Community broadcaster for HARVEY WA.
,Ngaarda Media,WA,ROEBOURNE,6718,Regional Community (WA),info@ngaardamedia.com.au,http://ngaardamedia.com.au/,Indigenous,Pitch directly to Music Department (info@ngaardamedia.com.au) — Pitch via Email or Amrap (Local volunteer DJs play Aussie indie) — Format: Indigenous. Community broadcaster for ROEBOURNE WA.
6NME,Noongar Radio,WA,PERTH BC,6849,Regional Community (WA),info@noongarradio.com,http://www.noongarradio.com,Indigenous,Pitch directly to Music Department (info@noongarradio.com) — Pitch via Email or Amrap (Local volunteer DJs play Aussie indie) — Format: Indigenous. Community broadcaster for PERTH BC WA.
6ACR,PAKAM Radio Network,WA,Broome,6725,Regional Community (WA),admin@pakam.com.au,https://pakam.com.au/,Indigenous,Pitch directly to Music Department (admin@pakam.com.au) — Best submitted via Amrap (broadcasters download tracks directly from Amrap) — Format: Indigenous. Community broadcaster for Broome WA.
6PRK,Puranyangu-Rangka Kerrem / PRK,WA,HALLS CREEK,6770,Regional Community (WA),admin@prkradio.com.au,http://www.prkradio.com.au,Indigenous,Pitch directly to Music Department (admin@prkradio.com.au) — Best submitted via Amrap (broadcasters download tracks directly from Amrap) — Format: Indigenous. Community broadcaster for HALLS CREEK WA.
6GME,Radio Goolarri,WA,BROOME,6725,Regional Community (WA),info@goolarri.com,https://goolarri.com/radio/,Indigenous,Pitch directly to Music Department (info@goolarri.com) — Pitch via Email or Amrap (Local volunteer DJs play Aussie indie) — Format: Indigenous. Community broadcaster for BROOME WA.
,Radio MAMA 100.5 FM Geraldton,WA,GERALDTON PO,6531,Regional Community (WA),info@mama.net.au,https://www.mama.net.au/,Indigenous,Pitch directly to Music Department (info@mama.net.au) — Pitch via Email or Amrap (Local volunteer DJs play Aussie indie) — Format: Indigenous. Community broadcaster for GERALDTON PO WA.
,Radio VCA 88.5FM,WA,ELLENBROOK,6069,Regional Community (WA),info@885fm.com.au,https://885fm.com.au/,General,Pitch directly to Music Department (info@885fm.com.au) — Pitch via Email or Amrap (Local volunteer DJs play Aussie indie) — Format: General. Community broadcaster for ELLENBROOK WA.
6PAC,Tjuma Pulka 96.3FM,WA,KALGOORLIE DC,6433,Regional Community (WA),info@tjuma963fm.com.au,http://www.tjuma963fm.com.au,Indigenous,Pitch directly to Music Department (info@tjuma963fm.com.au) — Pitch via Email or Amrap (Local volunteer DJs play Aussie indie) — Format: Indigenous. Community broadcaster for KALGOORLIE DC WA.
6YCR,Voice of the Avon 101.3fm,WA,YORK,6302,Regional Community (WA),info@voiceoftheavon.org.au,http://www.voiceoftheavon.org.au,General,Pitch directly to Music Department (info@voiceoftheavon.org.au) — Pitch via Email or Amrap (Local volunteer DJs play Aussie indie) — Format: General. Community broadcaster for YORK WA.
6FX,Wangki Yupurnanupurru Radio,WA,FITZROY CROSSING,6765,Regional Community (WA),admin@wangki.org.au,http://www.wangki.org.au/,Indigenous,Pitch directly to Music Department (admin@wangki.org.au) — Best submitted via Amrap (broadcasters download tracks directly from Amrap) — Format: Indigenous. Community broadcaster for FITZROY CROSSING WA.
6WR,Waringarri Radio 6WR,WA,KUNUNURRA,6743,Regional Community (WA),info@waringarrimedia.org.au,http://www.waringarrimedia.org.au,Indigenous,Pitch directly to Music Department (info@waringarrimedia.org.au) — Pitch via Email or Amrap (Local volunteer DJs play Aussie indie) — Format: Indigenous. Community broadcaster for KUNUNURRA WA.
