Callsign	On Air Name	State	City	Postcode	Community of Interest	Website
1ART	ArtSound FM 92.7|90.3	ACT	MANUKA	2603	Fine Music	http://artsound.fm
1CMS	CMS Radio FM 91.1	ACT	WESTON CREEK	2611	Ethnic	http://www.cmsradio.org.au
1RPH	Radio 1RPH	ACT	GUNGAHLIN	2912	People with a Print Disability	http://www.radio1rph.org.au
1VFM	Valley FM 89.5	ACT	ERINDALE CENTRE	2903	General	http://www.valleyfm.com/
1WAY	1WAY FM	ACT	FYSHWICK	2609	Religious - Christian	http://www.1wayfm.com.au/
1XXR	2 Double X (2XX FM)	ACT	CIVIC	2601	General	http://www.2xxfm.org.au
Online Only	UCFM	ACT	BRUCE	2617	Student / Youth	http://www.ucfm.com.au/
	Radio Dungog 107.9FM	NSW	DUNGOG	2420	General	https://radiodungog.org/
	Bucketts Radio 104.1 FM	NSW	GLOUCESTER	2422	General	http://buckettsradio.com.au/
	Lord Howe Island Radio Station	NSW	LORD HOWE ISLAND	2898	General	https://www.facebook.com/p/Radio-Lord-Howe-Island-The-Shack100063505209758/
	Wilcannia River Radio	NSW	DUBBO EAST	2830	Indigenous	https://redie.org.au/what-we-do/programs/wilcannia-river-radio
2AAA	2AAA	NSW	WAGGA WAGGA	2650	General	https://tripleafm.net.au/
2AIR	2AIR FM	NSW	COFFS HARBOUR	2450	General	http://www.2airfm.com.au
2ARM	Armidale Community Radio - 2ARM FM92.1	NSW	ARMIDALE	2350	General	http://www.2arm.net.au
2BAB	Bay & Basin 92.7FM	NSW	SANCTUARY POINT	2540	General	http://www.927fm.com.au
2BAR	93.7 EDGE FM	NSW	BEGA	2550	General	https://edgefm.org.au/
2BAY	BAYFM 99.9	NSW	BYRON BAY	2481	General	http://bayfm.org
2BBB	2BBB FM	NSW	BELLINGEN	2454	General	http://www.2bbb.net.au/
2BCB	Life FM Bathurst	NSW	Orange	2800	Religious - Christian	https://life-fm.com.au/
2BJG	Binjang 91.5	NSW	WELLINGTON	2820	General	http://binjangradio.net
2BLU	RBM FM - 89.1 Radio Blue Mountains	NSW	WENTWORTH FALLS	2782	General	http://www.rbm.org.au
2BOB	2BOB RADIO	NSW	TAREE	2430	General	http://www.2bobradio.org.au
2BRW	Braidwood Community Radio	NSW	Braidwood	2622	General	http://www.braidwoodradio.com.au/
2CBA	Hope 103.2	NSW	SEVEN HILLS	1730	Religious - Christian	http://www.hope1032.com.au/
2CBD	2CBD FM	NSW	GLEN INNES	2370	General	http://www.radio2cbd.com.au/
2CCB	1035FM Orange	NSW	ORANGE	2800	Religious - Christian	https://1035fm.com.au
2CCC	Coast FM 96.3	NSW	GOSFORD	2250	General	http://www.coastfm.org.au
2CCM	Todays Country 94.1	NSW	GOSFORD	2250	Specialised Music	http://www.todayscountry94one.com
2CCR	Alive905	NSW	BAULKHAM HILLS	1755	General	https://www.alive905.com.au/
2CHR	2CHR	NSW	CESSNOCK	2325	General	http://www.2chr.org
2CHY	104.1 CHY FM	NSW	COFFS HARBOUR	2450	Youth	https://www.chyfm.org.au
2COW	Casino's Own Wireless Association	NSW	CASINO WEST	2470	General	http://www.cow1079.org/
2CUZ	2CUZ FM	NSW	BOURKE	2840	Indigenous	http://2cuzfm.com/
2CVC	Loving Life FM 103.1	NSW	GRAFTON	2460	Religious - Christian	http://www.lovinglife.fm
2DCB	Dubbo 94.3	NSW	ORANGE	2800	Religious - Christian	https://943.com.au/
2DRY	2DRY FM	NSW	BROKEN HILL	2880	General	http://www.2dryfm.com/
2EAR	2EAR FM 107.5 & 102.9	NSW	MORUYA	2537	General	https://2earfm.au/
2FBI	fbi.radio	NSW	ALEXANDRIA	2016	Youth	http://fbi.radio
2GCB	2GCB	NSW	WEST GOSFORD	2250	Religious - Christian	http://www.rhemacentralcoast.com.au/
2GCR	RAMFM 103.3	NSW	GOULBURN	2580	General	https://www.ramfm.com.au
2GHR	2GHR	NSW	HOLBROOK	2644	General	http://2ghr.org.au/
2GLA	Great Lakes FM	NSW	TUNCURRY	2428	General	http://www.greatlakesfm.org.au
2GLF	89.3 2GLF	NSW	LIVERPOOL	2170	General	http://www.893fm.com.au
2HAY	2HAY FM 92.1	NSW	HAY	2711	General	http://www.2hayfm.com.au
2HHH	Triple H 100.1 FM	NSW	Hornsby	2077	General	http://www.triplehfm.com.au
2HIM	Rhema FM 89.7	NSW	TAMWORTH	2340	Religious - Christian	http://www.rhemafmtamworth.com.au/
2HWK	Pulse FM	NSW	Wollongong	2500	General	https://pulse899fm.com.au/
2KRR	KRR 98.7	NSW	KANDOS	2848	General	http://krrfm.org.au
2LIV	Pulse 94.1	NSW	CONISTON	2500	Religious - Christian	http://www.pulse941.com.au
2LND	Koori Radio	NSW	STRAWBERRY HILLS	2012	Indigenous	http://www.kooriradio.com/
2LRR	Opal FM	NSW	LIGHTNING RIDGE	2834	General	http://www.opalfm.com/
2LVR	97.9 Valley FM	NSW	FORBES	2871	General	http://valleyfm.org.au/
2MAX	MAX FM	NSW	NARRABRI	2390	General	http://www.2maxfm.com.au
2MBS	2MBS Fine Music Sydney	NSW	ST LEONARDS	2065	Fine Music	https://www.2mbsfinemusicsydney.com/
2MCE	2MCE	NSW	BATHURST	2795	General	https://2mce.org/
2MCR	Sounds of Macarthur	NSW	CAMPBELLTOWN	2560	General	http://www.soundsofmacarthur.org.au
2MFM	Muslim Community Radio	NSW	BANKSTOWN	1885	Religious - Islamic	http://www.2mfm.org
2MIA	95.1 2MIA FM	NSW	GRIFFITH	2680	General	http://www.2miafm.org.au/
2MMR	101.3 Mayhem Radio	NSW	TWEED HEADS WEST	2485	General	https://mayhemradio.com.au/
2MNO	2MNO Monaro FM	NSW	COOMA	2630	General	http://www.2mno.org.au/
2MOR	Edge 102.5 FM	NSW	Deniliquin	2710	Youth	https://edge1025.com.au/
2MTM	MTM FM 91.9	NSW	COONAMBLE	2829	General	http://www.mtmfm.org.au/
2MWM	Radio Northern Beaches	NSW	BELROSE WEST	2085	General	http://www.rnb.org.au
2NAR	2NAR	NSW	NARRANDERA	2700	General	http://www.ncradio.com.au/
2NBC	2NBC 90.1FM	NSW	KOGARAH	1485	General	https://www.901nbcfm.com.au/
2NCR	River FM - 92.9	NSW	LISMORE	2480	General	http://www.2ncr.org.au
2NIM	NIM FM 102.3	NSW	NIMBIN	2480	General	http://www.nimfm.org
2NSB	Northside Radio	NSW	CHATSWOOD	2067	General	http://northsideradio.com.au/
2NUR	2NURFM 103.7	NSW	CALLAGHAN	2308	General	http://www.2nurfm.com.au
2NVR	Nambucca Valley Radio	NSW	BOWRAVILLE	2449	General	http://www.2nvr.org.au
2OCW	FM107.5	NSW	ORANGE	2800	General	http://fm1075.com.au/
2OLD	Lake Macquarie FM 97.3	NSW	BUDGEWOI	2262	General	https://www.lakemacquariefm.com.au
2OOO	Radio 2TripleO	NSW	BURWOOD	2134	Ethnic	https://www.radio2tripleo.com.au/
2PAR	Paradise FM 101.9	NSW	BALLINA	2478	Senior	http://www.paradisefm.org.au/
2PMQ	Rhema 99.9	NSW	PORT MACQUARIE BC	2444	Religious - Christian	https://rhema999.com.au
2PSR	Port Stephens FM	NSW	SALAMANDER BAY	2317	General	http://www.psrfm.org.au
2QBN	QBN FM 96.7	NSW	QUEANBEYAN	2620	General	http://www.qbnfm.com.au
2RBR	2RBR	NSW	CORAKI	2471	General	http://www.radio889.org.au
2RDJ	2RDJ FM	NSW	BURWOOD NORTH	2134	General	http://www.radio2rdj.com
2REM	2REM 107.3FM	NSW	LAVINGTON	2641	General	http://www.2rem1073fm.com.au/
2RES	89.7 Eastside Radio	NSW	PADDINGTON	2021	General	http://www.eastsidefm.org
2RFM	Rhema Newcastle	NSW	DANGAR	2309	Religious - Christian	http://www.rhemafm.com.au
2RMA	Rhema FM	NSW	WINGHAM	2429	Religious - Christian	http://www.rhemafm.net
2RPH	Radio 2RPH	NSW	GLEBE	2037	People with a Print Disability	http://www.2rph.org.au
2RRR	2RRR - Your Local Sound	NSW	GLADESVILLE	1675	General	https://www.2rrr.org.au/
2RSR	Radio Skid Row	NSW	MARRICKVILLE	2204	General	https://radioskidrow.org
2SEA	2SEA - Eden Community Radio	NSW	EDEN	2551	General	http://www.2sea.com.au
2SER	2SER	NSW	BROADWAY	2007	Educational	http://www.2ser.com
2SFM	97.5 Sapphire FM	NSW	MERIMBULA	2548	General	https://sapphirefm.au/
2SNR	Easy FM 93.3	NSW	GOSFORD	2250	Senior	https://easyfm.com.au/
2SSR	2SSR 99.7 FM	NSW	SUTHERLAND	1499	General	https://www.2ssr.com.au
2STA	STA FM 91.9	NSW	Inverell	2360	General	http://www.stafm.com.au/
2SWR	SWR 999 FM	NSW	DOONSIDE	2767	General	https://www.swr999.com.au/
2TEM	TEM-FM 102.5	NSW	TEMORA	2666	General	http://www.tem-fm.com.au
2TEN	TEN FM	NSW	TENTERFIELD	2372	General	http://www.tenfm.org.au
2TLC	TLC 93.5FM	NSW	YAMBA	2464	General	http://tlcfm.com.au/
2TLP	2TLP	NSW	TAREE	2430	Indigenous	https://ngarralinyi.com.au/
2TRR	Three Rivers Radio - Dunedoo	NSW	DUNEDOO	2844	General	https://www.facebook.com/3riversradio/
2TVR	2TVR	NSW	TUMUT	2720	General	https://thelocalstation.com.au/
2UUU	Triple U FM	NSW	NOWRA	2541	General	https://www.tripleu.org.au/
2VOX	VOX FM	NSW	WOLLONGONG DC	2500	General	http://www.voxfm.org.au
2WAR	WAR FM	NSW	GILGANDRA	2827	General	https://989warfm.com.au/
2WAY	2WAY 103.9 FM	NSW	WAUCHOPE	2446	General	http://2wayfm.com.au
2WCR	2WCR FM 99.5	NSW	COONABARABRAN	2357	General	http://2wcrfm.org.au/
2WEB	2WEB	NSW	BOURKE	2840	General	http://www.outbackradio.com.au
2WET	TANK FM	NSW	WEST KEMPSEY	2440	General	https://tankfm.org/
2WKT	Highland FM 107.1	NSW	BOWRAL	2576	General	http://www.highlandfm.org.au
2WLF	Wagga's Life FM	NSW	WAGGA WAGGA	2650	Religious - Christian	http://www.waggaslifefm.com
2YAS	Yass FM	NSW	YASS	2582	General	http://www.yassfm.org
2YOU	88.9FM	NSW	North Tamworth	2340	General	http://www.889fmtamworth.com.au
2YYY	2YYY Young	NSW	YOUNG	2594	General	http://2yyyradio.com/
DC FM 88.9	DCFM 88.9	NSW	DUBBO	2830	General	http://www.dcfm889.com.au/
Online Only	Tune FM	NSW	ARMIDALE	2351	Student / Youth	http://www.tunefm.net
Online Only	SURG FM	NSW	SYDNEY	2006	Student / Youth	http://www.surgfm.com/
Online Only	Myall Coast Radio	NSW	Tea Gardens	2324	General	http://www.myallcoastradio.com.au
Online Only	Radio KCR	NSW	KIAMA	2533	General	https://kcr.org.au/
VL2NI	Radio Norfolk	NSW	NORFOLK ISLAND	2899	General	http://www.radio.gov.nf/vl2ni.htm
Connect FM 100.9	Connect FM 100.9	NSW	PADSTOW	2211	General	https://www.connectfm.au/
	Yolngu Radio	NT	WINNELLIE	0821	Indigenous	http://www.ards.com.au
5ACR	5ACR AMATA	NT	PMB UMUWA VIA ALICE SPRINGS	0872	Indigenous	http://www.pymedia.org.au/radio/
6ACR	NG Media	NT	ALICE SPRINGS	0872	Indigenous	https://ngmedia.org.au
8ACR	8PAW Paw Radio	NT	YUENDUMU	0872	Indigenous	http://www.pawmedia.com.au/radio
8ACR	TEABBA 8ACR	NT	PINELAND	0829	Indigenous	http://www.teabba.com.au
8CCC	8CCC Radio 102.1FM	NT	ALICE SPRINGS	0871	General	http://www.8ccc.com.au/
8EAR	Gove FM	NT	NHULUNBUY	0881	General	http://www.govefm.com.au
8GGG	Darwin's 97 Seven	NT	CASUARINA	0811	Religious - Christian	https://darwins97seven.com/
8KIN	CAAMA Radio CENTRAL ZONE	NT	ALICE SPRINGS	0871	Indigenous	http://www.caama.com.au
8KNB	First Nations Radio	NT	DARWIN	0801	Indigenous	http://www.firstnationsbroadcasting.org
8KTR	Katherine FM	NT	KATHERINE	0851	General	https://katherinefm.org.au/
8TFM	Territory FM	NT	DARWIN	0909	General	http://www.territoryfm.com
HPO34	ICTV	NT	ALICE SPRINGS	0871	Community TV	https://ictv.com.au/
	Cherbourg Radio	QLD	Cherbourg	4605	Indigenous	https://cherbourg.qld.gov.au/community/cherbourg-radio/
	94.1FM	QLD	GOLD COAST MC	9726	Senior	http://www.941fm.com.au
	Tiaro Community Radio 107.1 FM	QLD	TIARO	4650	General	https://www.facebook.com/groups/195977457678710/
	Douglas FM	QLD	Port Douglas	4877	General	https://www.douglasfm.au/
4AAA	Triple A	QLD	WEST END	4101	Indigenous	https://triplea.org.au/
4ACR	4ACR BOIGU ISLAND	QLD	BOIGU ISLAND	4875	Torres Strait Islanders	https://nirs.org.au/locations/remote_indigenous_broadcaster/boigu-4acr/
4ACR	4mw1260 am Thursday Island	QLD	THURSDAY ISLAND	4875	Torres Strait Islanders	http://www.tsima4mw.org.au/
4ACR	Black Star Radio	QLD	CAIRNS NORTH	4870	Indigenous	http://www.qram.com.au
4BAY	Bay FM	QLD	CLEVELAND	4163	General	http://www.bayfm.org.au
4BCR	Coral Coast Community Radio 94.7 FM	QLD	BUNDABERG SOUTH	4670	General	http://www.coralcoastradio.net.au
4BI	Switch Brisbane	QLD	Toowong	4066	Youth	https://switchbrisbane.com.au/
4BRR	Burnett River Radio	QLD	GAYNDAH	4625	General	https://www.facebook.com/BRR91.5fm/
4CAB	Juice 107.3	QLD	GOLD COAST MC	9726	Religious - Christian	http://www.juice1073.com.au/
4CBL	Radio Logan 101 FM	QLD	LOGAN CITY DC	4114	General	https://101fm.com.au/
4CCR	Cairns FM 89.1	QLD	MANUNDA	4870	General	http://www.cairnsfm891.org.au
4CIM	Bumma Bippera Media 98.7FM	QLD	BUNGALOW	4870	Indigenous	https://bbm987.com.au/
4CLG	Salt 106.5	QLD	BUDERIM	4556	Religious - Christian	https://salt1065.com/
4CRB	4CRB 89.3 FM	QLD	BURLEIGH HEADS	4220	Religious - Christian	http://www.4crb.com
4CRM	4CRM 107.5 FM	QLD	MACKAY	4740	General	http://www.4crm.com.au
4CSB	CROW FM	QLD	WONDAI	4606	General	http://www.crowfm.com.au
4DDB	102.7FM	QLD	TOOWOOMBA	4350	General	https://1027.com.au/
4DDD	Western Downs Region Radio	QLD	DALBY	4405	General	http://www.radio4ddd.com.au/
4EB	4EB FM 98.1	QLD	EAST BRISBANE	4169	Ethnic	http://www.4eb.org.au
4FCR	Fraser Coast FM 107.5	QLD	HERVEY BAY	4655	General	http://www.frasercoast.fm
4FRB	Rise 96.5	QLD	MILTON	4064	Religious - Christian	https://rise965.com/
4GCR	Positive91Five	QLD	GYMPIE	4570	Religious - Christian	http://www.positive91five.org
4GEM	95.1 GEM FM	QLD	BOWEN	4805	General	https://www.951gemfm.org/
4GGO	4GGO	QLD	GIN GIN	4671	General	https://ginginsown1049.com/
4GOD	92.9 Voice FM	QLD	TOOWOOMBA SOUTH	4350	Religious - Christian	http://www.929voice.fm
4K1G	4K1G	QLD	TOWNSVILLE	4810	Indigenous	http://www.4k1g.org
4MBS	4MBS Classic FM	QLD	COORPAROO	4151	Fine Music	http://www.4mbs.com.au
4MET	105.7 Radio Metro	QLD	BUNDALL MAIL CENTRE	9726	Youth	http://www.radiometro.com.au
4MOB	4MOB	QLD	MOUNT ISA DC	4825	Indigenous	https://miama.com.au/
4MUR	My105.9FM	QLD	MACKAY	4740	Indigenous	https://my105fm.com.au/
4NAG	KeppelFM 91.3	QLD	YEPPOON	4703	General	http://keppelfm.org.au/
4NSA	Noosa FM 101.3	QLD	NOOSA HEADS	4567	General	http://www.noosafm.org/
4OUR	101.5FM Moreton Bay's Own	QLD	CABOOLTURE	4510	General	http://www.1015fm.com.au
4PIB	4PIB	QLD	PALM ISLAND	4816	Indigenous	http://www.pcyc.org.au/palmisland
4RED	99.7 Bridge FM	QLD	REDCLIFFE	4020	General	http://www.997fm.com.au
4RFM	4RFM Moranbah Community Radio	QLD	MORANBAH	4744	General	http://4rfm.com.au/
4RGL	91.9 Fresh FM	QLD	GLADSTONE	4680	Religious - Christian	http://www.919freshfm.com.au
4RIM	Rim FM 100.1	QLD	BOONAH	4310	General	http://www.rimfm.org/
4RPH	Reading Radio	QLD	SPRING HILL	4000	People with a Print Disability	http://www.readingradio.org.au
4RR	4RR	QLD	CHARLEVILLE	4470	Indigenous	http://www.4rr.com.au
4SDB	Rose City FM	QLD	WARWICK	4370	General	https://rosecityfm.org.au/
4SFM	Sunshine FM	QLD	BUDERIM	4556	Senior	http://www.sunshinefm.com.au
4TCB	99.9 LiveFM	QLD	TOWNSVILLE	4810	Religious - Christian	http://www.livefm.com.au
4TTT	103.9 Triple t	QLD	TOWNSVILLE	4810	General	http://www.triplet.com.au
4TVR	92.3 FM 4TVR	QLD	MAREEBA	4880	Religious - Christian	http://www.923.com.au/
4US	4US	QLD	ROCKHAMPTON	4700	Indigenous	http://www.4us.com.au/
4WBR	105.1 Rhema FM Wide Bay	QLD	HERVEY BAY	4655	Religious - Christian	http://www.rhemawidebay.com
4WHO	Wild Horse FM	QLD	YARRAMAN	4614	General	http://www.wildhorsefm.com/
4YOU	Radio 4YOU	QLD	WANDAL	4700	General	http://www.4you.org.au/
4ZZZ	4ZZZ	QLD	FORTITUDE VALLEY	4006	Educational/Specialised Music	http://www.4zzz.org.au
Online Only	Phoenix Radio	QLD	RACEVIEW	4305	General	https://phoenixradi2.wixsite.com/phoenixradio/home
	Tribe FM 91.1	SA	WILLUNGA	5172	General	http://www.tribefm.org.au/
	Rocket Range Radio	SA	Mount Barker	5751	General	https://rocketrangeradio.au
5ALX	Alex FM Radio Goolwa	SA	GOOLWA	5214	General	https://www.alexfm.com.au/
5BBB	Triple B FM	SA	TANUNDA	5352	General	http://www.bbbfm.com
5CCR	5CCR FM	SA	CEDUNA	5690	General	
5CST	Adelaide's Coast FM 88.7	SA	GLANDORE	5037	General	http://www.coastfm.com.au
5DDD	Three D Radio	SA	STEPNEY	5069	Specialised Music	http://www.threedradio.com
5DUS	Dusty Radio	SA	COOBER PEDY	5723	General	http://www.dustyradio.com.au
5EBI	5EBI 103.1FM	SA	ADELAIDE	5000	Ethnic	http://www.5ebi.com.au
5EFM	Fleurieu FM	SA	VICTOR HARBOR	5211	General	http://www.fleurieufm.org.au
5FBI	Fresh 92.7	SA	ADELAIDE	5000	Youth	http://www.fresh927.com.au/
5GFM	89.3 Gulf FM	SA	KADINA	5554	General	http://www.gulffm.com.au/
5GSFM	90.1 HAPPY FM	SA	VICTOR HARBOR	5211	General	http://www.happyfm.org.au
5GTR	5GTR	SA	MOUNT GAMBIER	5290	General	http://www.5gtr.net
5KIX	5KIX-FM	SA	KINGSCOTE	5223	General	http://www.5kixfm.org
5LCM	Lofty 88.9	SA	Totness	5250	General	http://lofty.org.au/
5LFM	Riverland Life FM	SA	LOXTON	5333	Religious - Christian	http://www.riverlandlife.org.au
5MBS	5MBS	SA	HINDMARSH	5007	Fine Music	http://www.5mbs.com/
5PBA	PBA-FM	SA	SALISBURY	5108	General	http://www.pbafm.org.au/
5PBS	5PBS	SA	Peterborough	5422	General	http://5pbs.org.au
5RAM	Life FM	SA	WEST LAKES	5021	Religious - Christian	https://mylifefm.com/
5RCB	Lime FM	SA	MOUNT GAMBIER	5290	Religious - Christian	http://www.limefm.com.au/
5ROX	ROX FM	SA	ROXBY DOWNS	5725	General	http://www.roxfm.com.au
5TCB	Connect FM	SA	BORDERTOWN	5268	General	http://www.connectfm.com.au
5THE	5THE FM	SA	MILLICENT	5280	General	https://www.5-thefm.org/
5TRX	TRAX FM	SA	PORT PIRIE	5540	General	https://www.traxfm.org.au/
5UMA	Umeewarra Radio	SA	PORT AUGUSTA	5700	Indigenous	http://www.umeewarramedia.com
5UV	Radio Adelaide	SA	Eastwood	5063	Educational	http://radioadelaide.org.au/
5WOW	WOW FM 100.5	SA	SEMAPHORE	5019	General	https://wowfm.org/
5YYY	Triple Y	SA	WHYALLA NORRIE	5608	General	https://tripley.com.au/
5ZZZ	5 Triple Z	SA	MCLAREN VALE	5171	General	http://5triplez.com.au/
CTS33	C44	SA	Collinswood	5081	Community TV	https://www.c44.au/
	King Island Radio 100.5FM	TAS	CURRIE	7256	General	http://www.kingislandradio.com
	Meander Valley FM	TAS	DELORAINE	7304	General	https://mvfm.com.au/
7BOD	Star FM	TAS	ST HELENS	7216	General	http://www.starfm.org.au
7DBS	Coast FM	TAS	WYNYARD	7325	General	http://www.coastfmtas.au
7EDG	Edge Radio 99.3 FM	TAS	HOBART	7000	Youth	http://www.edgeradio.org.au
7HFC	Ultra106five	TAS	HOBART	7001	Religious - Christian	http://ultra106five.com
7LTN	City Park Radio	TAS	LAUNCESTON	7250	General	http://www.cityparkradio.com
7MID	97.1FM The Voice of the Midlands	TAS	OATLANDS	7120	General	https://7midfm.com.au/
7RGY	HUON AND KINGSTON FM COMMUNITY RADIO	TAS	GEEVESTON	7116	General	http://www.huonfm.com
7RPH	Print Radio Tasmania	TAS	HOBART	7000	People with a Print Disability	https://www.printradiotas.org.au/
7TAS	Tasman FM	TAS	NUBEENA	7184	General	http://www.tasmanfm.com.au/
7TFM	Tamar FM 95.3	TAS	GEORGE TOWN	7253	General	http://www.tamarfm.net
7THE	Hobart FM 96.1	TAS	Howrah	7018	General	http://www.hobartfm.org.au
7TYG	Tyga FM	TAS	NEW NORFOLK	7140	General	http://www.tygafm.org.au/
7WAY	WAY FM	TAS	RIVERSIDE	7250	Religious - Christian	http://www.wayfm.org.au
3APL	Apple 98.5FM	VIC	BACCHUS MARSH	3340	General	http://apple985fm.com.au/
3BBB	Voice FM	VIC	BALLARAT EAST	3350	General	https://www.voicefm.org.au
3BBR	3BBR-FM	VIC	DROUIN	3818	General	http://www.3bbrfm.org.au
3BBS	3BBS	VIC	BENDIGO	3550	Sports	http://www.bendigosbestsportfm.com.au
3BGR	Good News Radio	VIC	WENDOUREE	3355	Religious - Christian	http://www.goodnewsradio.org.au
3CH	Highlands FM	VIC	WOODEND	3442	General	http://www.highlandsfm.org.au
3CMR	MAINfm	VIC	CASTLEMAINE	3450	General	http://mainfm.net/
3CR	3CR	VIC	COLLINGWOOD	3066	Community Access	http://www.3cr.org.au
3ECB	Radio Eastern FM 98.1	VIC	CROYDON	3136	General	https://www.radioeasternfm.com.au/
3EON	Radio KLFM	VIC	BENDIGO DC	3554	Senior	http://www.klfm.com.au
3GCB	Life FM Gippsland	VIC	SALE	3853	Religious - Christian	http://www.lifefm.com.au
3GCR	Gippsland FM	VIC	Morwell	3840	General	http://www.gippslandfm.org.au
3GDR	Golden Days Radio	VIC	GLEN HUNTLY	3163	Senior	http://www.goldendaysradio.com
3GFM	Goldfields FM 99.1	VIC	MARYBOROUGH	3465	General	https://www.goldfieldsfm.org.au/
3GGR	96three FM	VIC	BELMONT	3216	Religious - Christian	http://www.96three.com.au/
3GRR	Radio EMFM	VIC	ECHUCA	3564	General	http://www.radioemfm.org.au
3HCR	3HCR - High Country Radio	VIC	OMEO	3898	General	
3HHH	Triple H 96.5 FM	VIC	HORSHAM	3402	General	http://www.tripleh965fm.org.au
3HOT	HOT FM	VIC	MILDURA	3502	General	http://www.hotfm.org.au
3INR	96.5 InnerFM	VIC	HEIDELBERG	3084	General	http://www.innerfm.org.au
3JOY	JOY Media	VIC	St Kilda	3182	LGBTIQA+	http://www.joy.org.au
3KND	3KND Kool N Deadly	VIC	PRESTON	3072	Indigenous	http://www.3knd.org.au
3MBR	3MBR FM Mallee Border Radio	VIC	MURRAYVILLE	3512	General	http://www.3mbrfm.org.au
3MBS	3MBS Melbourne	VIC	ABBOTSFORD	3067	Fine Music	http://www.3mbs.org.au
3MCR	Radio Mansfield 99.7FM	VIC	MANSFIELD	3724	General	http://www.radiomansfield.org.au
3MDR	3MDR	VIC	UPWEY	3158	General	http://www.3mdr.com
3MFM	South Coast FM	VIC	WONTHAGGI	3995	General	https://southcoastfm.au/
3MGB	3MGB	VIC	MALLACOOTA	3892	General	http://3mgb.org.au/
3NOW	North West FM	VIC	HADFIELD	3046	General	http://www.northwestfm.org
3NRG	Sunbury Radio 99.3FM	VIC	SUNBURY	3429	General	http://www.sunburyradio.com.au
3OCR	OCR FM	VIC	COLAC	3250	General	http://www.ocrfm.org.au/
3OKR	OKRFM	VIC	KILMORE	3764	General	https://okrfm.com.au/shows
3ONE	OneFM 98.5	VIC	SHEPPARTON	3632	General	http://www.fm985.com.au/
3PBS	PBS	VIC	FITZROY	3065	Specialised Music	http://www.pbsfm.org.au
3PFM	106.7 Phoenix FM Bendigo	VIC	CALIFORNIA GULLY	3556	General	http://www.phoenixfm.org.au
3PLS	94.7 The Pulse	VIC	GEELONG	3220	General	http://www.947thepulse.com
3PVR	Plenty Valley FM 88.6	VIC	MILL PARK	3082	General	http://www.pvfm.org.au
3REG	REG-FM	VIC	BAIRNSDALE	3875	General	http://www.regfm.com.au/
3RIM	979 FM	VIC	MELTON	3337	General	http://979fm.com.au/
3RPC	3RPC FM	VIC	PORTLAND	3305	General	http://3rpcfm.org.au/
3RPH	Vision Australia Radio	VIC	Kooyong	3144	People with a Print Disability	http://www.visionaustralia.org.au
3RPP	RPP FM	VIC	MORNINGTON	3931	General	http://www.rppfm.com.au
3RRR	Triple R (3RRR)	VIC	BRUNSWICK EAST	3057	Educational	http://www.rrr.org.au/
3RUM	Radio Upper Murray	VIC	WALWA	3709	General	https://www.radiouppermurray.com.au/
3SCB	88.3 Southern FM	VIC	BRIGHTON	3186	General	http://www.southernfm.com.au/
3SER	Casey Radio	VIC	CRANBOURNE	3977	General	http://www.caseyradio.com.au
3SEY	Seymour FM	VIC	SEYMOUR	3660	General	https://seymourfm.com.au/
3SFM	Smart FM 99.1	VIC	SWAN HILL	3585	General	http://www.991smartfm.com.au/
3SYN	SYN Media	VIC	ABECKETT STREET	8006	Youth	http://www.syn.org.au
3TLR	98.3 theLight	VIC	WODONGA	3690	Religious - Christian	http://thelight.org.au/
3TSC	89.9 TheLight	VIC	MITCHAM	3132	Religious - Christian	https://thelight.com.au/
3UGE	UGFM - Radio Murrindindi	VIC	ALEXANDRA	3714	General	http://www.ugfm.org/
3VKV	Alpine FM	VIC	MOUNT BEAUTY	3699	General	https://www.alpinefm.org.au/
3VYV	Yarra Valley FM 99.1	VIC	HEALESVILLE	3777	General	http://www.yarravalleyfm.com
3WAY	3 WAY FM Great Ocean Radio	VIC	WARRNAMBOOL	3280	General	http://www.3wayfm.org.au/
3WBC	3WBC 94.1FM	VIC	Box Hill	3128	General	http://www.3wbc.org.au
3WPR	OAK FM	VIC	YARRUNGA	3677	General	http://www.oakfm.com.au/
3WTL	Life 1051	VIC	Golden Square	3555	Religious - Christian	https://life1051.org.au/
3WYN	88.9 WYNFM	VIC	WERRIBEE	3030	General	http://www.wynfm.org.au
3ZZZ	3ZZZ	VIC	BRUNSWICK	3056	Ethnic	http://www.3zzz.com.au
MGV32	C31	VIC	Southbank	3006	General	http://www.c31.org.au
Online Only	J-Air	VIC	ST KILDA	3182	Ethnic / Religious	http://www.j-air.com.au
	Collie Community Radio	WA	COLLIE	6225	General	http://www.colliecommunityradio.com.au/
	DBCR	WA	DONNYBROOK	6239	General	https://dbcr.com.au/
	Ngaarda Media	WA	ROEBOURNE	6718	Indigenous	http://ngaardamedia.com.au/
	Radio VCA 88.5FM	WA	ELLENBROOK	6069	General	https://885fm.com.au/
	Denmark FM	WA	Denmark	6333	General	https://denmarkfm.com.au/
	Radio MAMA 100.5 FM Geraldton	WA	GERALDTON PO	6531	Indigenous	https://www.mama.net.au/
6ACR	PAKAM Radio Network	WA	Broome	6725	Indigenous	https://pakam.com.au/
6AUG	2oceansFM	WA	AUGUSTA	6290	General	http://www.2oceansfm.com.au
6CCR	Radio Fremantle	WA	HAMILTON HILL	6163	General	https://www.radiofremantle.com.au/
6CKI	6CKI	WA	WEST ISLAND COCOS (KEELING) ISLANDS	6799	General	https://www.facebook.com/6CKIRADIO/
6CRA	Great Southern FM	WA	ALBANY	6330	General	http://www.greatsouthernfm.com
6DBY	6DBY FM	WA	DERBY	6728	Indigenous	http://www.6dby.com.au
6ESP	103.9HopeFM	WA	ESPERANCE	6450	Religious - Christian	https://hopefmesperance.com/
6FX	Wangki Yupurnanupurru Radio	WA	FITZROY CROSSING	6765	Indigenous	http://www.wangki.org.au/
6GME	Radio Goolarri	WA	BROOME	6725	Indigenous	https://goolarri.com/radio/
6HFM	107.3 HFM	WA	GOSNELLS	6990	General	https://www.hfm.radio/
6HRV	Harvey Community Radio 96.5fm	WA	HARVEY	6220	General	https://www.harveycommunityradiofm.com.au/
6KCR	KCR 88.9FM	WA	GOOSEBERRY HILL	6076	General	http://www.kcr-fm.org.au/
6MKA	Meeka FM	WA	MEEKATHARRA	6642	General	https://www.facebook.com/Meeka-FM-983-Community-Radio-Station227254139815
6NEW	6NEW 92.9 Community Radio Newman	WA	NEWMAN	6753	General	https://sites.google.com/view/6new
6NME	Noongar Radio	WA	PERTH BC	6849	Indigenous	http://www.noongarradio.com
6NR	Curtin FM 100.1	WA	PERTH	6845	Educational	http://www.curtinfm.com.au
6PAC	Tjuma Pulka 96.3FM	WA	KALGOORLIE DC	6433	Indigenous	http://www.tjuma963fm.com.au
6PRK	Puranyangu-Rangka Kerrem / PRK	WA	HALLS CREEK	6770	Indigenous	http://www.prkradio.com.au
6RCI	6RCI Community Radio	WA	CHRISTMAS ISLAND	6798	General	https://www.6rci.net/
6RMR	RMR 101.9	WA	Margaret River	6285	General	https://www.radiomargaretriver.com/
6RTR	RTR FM	WA	MOUNT LAWLEY	6929	Educational/Specialised Music	http://www.rtrfm.com.au
6SEN	Capital Community Radio 101.7FM	WA	BOORAGOON	6954	Senior	http://www.capitalcommunityradio.com
6SON	Sonshine (98.5FM)	WA	COMO	6952	Religious - Christian	http://www.sonshine.com.au
6TCR	89 7FM	WA	JOONDALUP	6027	General	http://www.897fm.com.au/
6WR	Waringarri Radio 6WR	WA	KUNUNURRA	6743	Indigenous	http://www.waringarrimedia.org.au
6WSM	Sport FM 91.3	WA	HAMILTON HILL	6163	Sports	http://www.sportfm.com.au
6YCR	Voice of the Avon 101.3fm	WA	YORK	6302	General	http://www.voiceoftheavon.org.au
Bunbury 103.7	Bunbury 103.7	WA	Gelorup	6230	General	http://www.bunburycommunityradio.com
